"parallel_domain","Pressure","Velocity:0","Velocity:1","Velocity:2","TurbEner","Dissip","TurbVisc","total_pressure","Points:0","Points:1","Points:2"
1.64171,5.81997e+16,-1.79477e+06,4.88374e+06,-3.02517e+07,4.43532e+14,2.14027e+19,1.73674e+06,5.81997e+16,-0.0412273,0.00409646,-0.06
1.6453,5.73602e+16,-1.85354e+06,5.06411e+06,-3.30998e+07,4.14605e+14,2.25332e+19,1.49216e+06,5.73602e+16,-0.042368,0.00426401,-0.06
1.55296,5.56512e+16,-2.95293e+06,8.22958e+06,-5.37795e+07,3.99114e+14,2.00235e+19,1.34839e+06,5.56512e+16,-0.042281,0.00309182,-0.06
4,-8.381e+16,2.61453e+08,8.15378e+07,2.6206e+08,3.20457e+15,4.82076e+21,5.12146e+06,-8.381e+16,0.0132523,0.0338643,-0.06
3.17083,-4.22629e+17,3.39094e+07,-9.02857e+06,2.3257e+07,2.88555e+15,4.14571e+20,8.42447e+07,-4.22629e+17,0.00572036,0.038812,-0.06
3.86576,-3.84647e+16,2.46671e+08,8.1558e+07,2.64717e+08,3.70947e+15,4.3667e+21,4.85321e+06,-3.84647e+16,0.0115661,0.0324366,-0.06
2,1.91214e+17,2.26067e+07,4.18424e+07,-1.73846e+09,4.09585e+12,5.86539e+18,5592.38,1.91214e+17,-0.0435497,0.0487989,-0.06
2,1.86338e+17,9.2806e+08,5.60753e+08,-6.11867e+08,9.00606e+12,2.80961e+19,220.068,1.86338e+17,-0.0455217,0.0450867,-0.06
2,1.9634e+17,-2.71955e+07,5.80171e+07,-1.40177e+09,3.12383e+13,4.60585e+18,37524.6,1.9634e+17,-0.0407805,0.0417536,-0.06
2,1.96305e+17,4.52819e+07,1.02823e+08,-1.28245e+09,3.36356e+13,6.38263e+18,39407.7,1.96305e+17,-0.0407439,0.0409264,-0.06
2,2.07967e+17,-5.23736e+07,3.46249e+07,-1.21364e+09,6.37915e+13,9.20686e+18,70272.2,2.07967e+17,-0.0382893,0.0407005,-0.06
2,2.452e+17,-1.22865e+08,-5.95834e+07,-6.17613e+08,2.00512e+14,2.89521e+19,296962,2.452e+17,-0.0299606,0.0394601,-0.06
2,2.46227e+17,-1.21427e+08,-7.06242e+07,-6.51177e+08,1.72568e+14,2.81748e+19,176984,2.46227e+17,-0.0290775,0.0402546,-0.06
1,6.44265e+16,-4.77516e+07,1.13607e+08,-4.96348e+08,7.9865e+13,7.64517e+19,154.115,6.44265e+16,-0.0302281,-0.0311057,-0.06
1,-2.2487e+15,-2.9526e+08,1.04926e+08,-9.39843e+08,3.69883e+15,6.20074e+21,1296.46,-2.2487e+15,-0.0222039,-0.0412952,-0.06
1,-2.22694e+16,-3.11666e+08,1.17517e+08,-9.51206e+08,4.62473e+15,7.76265e+21,1634.31,-2.22694e+16,-0.0203117,-0.0399689,-0.06
1,6.39257e+16,-3.65913e+07,1.16958e+08,-4.72296e+08,7.09027e+13,6.01676e+19,161.534,6.39257e+16,-0.0302841,-0.0301962,-0.06
4,-1.95932e+17,2.59484e+08,-2.36951e+08,6.21291e+08,1.43599e+16,1.82561e+23,162850,-1.95932e+17,0.0239162,0.0397072,-0.06
4,-4.70339e+17,4.459e+07,-9.81588e+06,5.33544e+07,4.28353e+15,9.92347e+21,4.51133e+07,-4.70339e+17,0.0127793,0.0428154,-0.06
3,-1.50211e+19,-1.36464e+08,1.08387e+08,-2.22509e+08,8.56655e+16,1.33442e+25,2.21969e+08,-1.50211e+19,0.022194,-0.0311408,-0.06
3,-3.47987e+19,-5.77924e+07,1.21738e+08,-1.65983e+08,6.01065e+16,7.4292e+24,3.98359e+08,-3.47987e+19,0.0227008,-0.0221912,-0.06
3,-2.22314e+19,-9.11715e+07,1.63393e+08,-2.03372e+08,5.99534e+16,4.01455e+24,2.16202e+08,-2.22314e+19,0.0164646,-0.0222833,-0.06
4,-4.51157e+17,7.70892e+07,-7.51813e+08,1.15266e+09,7.84452e+17,1.24593e+25,92.3419,-4.51157e+17,0.05,0.0344471,-0.06
4,-4.27471e+17,4.41915e+07,-3.67375e+08,1.0314e+09,7.73614e+17,1.23066e+25,91.1936,-4.27471e+17,0.05,0.0353688,-0.06
4,-4.45022e+17,7.56759e+07,-6.98526e+08,1.13867e+09,7.94424e+17,1.26045e+25,94.0379,-4.45022e+17,0.0496503,0.0343606,-0.06
2.6071,-1.17758e+18,-3.34844e+08,1.69336e+08,-5.27372e+08,7.27419e+17,1.44592e+24,2.11736e+07,-1.17758e+18,0.00636226,-0.0372381,-0.06
3,-2.31395e+18,-2.84653e+08,9.37074e+07,-4.67826e+08,1.65609e+17,3.85439e+24,4.77095e+07,-2.31395e+18,0.0137746,-0.0378597,-0.06
3,-1.48991e+18,-1.86377e+08,1.26162e+08,-3.28233e+08,2.36698e+17,1.38188e+24,4.14488e+07,-1.48991e+18,0.0120355,-0.0331744,-0.06
3.98298,-1.60022e+18,5.72661e+07,-3.22757e+08,2.74024e+09,7.05943e+17,6.24031e+24,1.21246e+07,-1.60022e+18,0.0495293,0.0114579,-0.06
3.96906,-2.94652e+17,1.44362e+08,-4.87668e+08,2.04529e+09,4.79417e+17,3.65564e+24,2.00107e+07,-2.94652e+17,0.0406947,0.01423,-0.06
3.83543,1.06763e+17,-8.00935e+08,1.78592e+08,5.18288e+08,7.33992e+17,9.18048e+24,1.32414e+08,1.06763e+17,0.0419513,0.00548335,-0.06
1,-3.87764e+17,-4.55082e+08,1.01069e+08,-1.1267e+09,1.80684e+17,2.40873e+23,300985,-3.87764e+17,-0.00830315,-0.0403753,-0.06
1,-3.88365e+17,-4.53567e+08,1.01922e+08,-1.12448e+09,1.82028e+17,2.42293e+23,302429,-3.88365e+17,-0.00826281,-0.0403307,-0.06
1,-3.87495e+17,-4.52898e+08,1.01497e+08,-1.12329e+09,1.80993e+17,2.40944e+23,301050,-3.87495e+17,-0.00830441,-0.0402947,-0.06
4,-2.76519e+17,7.85241e+08,-3.09495e+08,1.41943e+09,1.33957e+17,5.17921e+22,27199.2,-2.76519e+17,0.0223237,0.0274255,-0.06
4,-2.18056e+17,3.06233e+08,-2.8183e+08,7.2239e+08,3.61837e+16,1.78859e+23,90989.9,-2.18056e+17,0.0241395,0.0386985,-0.06
4,-1.46506e+17,6.76512e+08,7.27859e+07,7.29761e+08,4.73476e+15,2.1966e+22,10713.2,-1.46506e+17,0.0182021,0.0296367,-0.06
4,-1.93978e+17,2.9779e+08,-2.07112e+08,6.05185e+08,1.33308e+16,1.69516e+23,86001.1,-1.93978e+17,0.0232765,0.0388286,-0.06
3,-2.33296e+18,1.25701e+08,1.34445e+08,8.95479e+07,3.57884e+16,3.01752e+23,5.81948e+07,-2.33296e+18,0.0204559,-0.00525925,-0.06
3,-1.83448e+18,1.12102e+08,1.37048e+08,8.69456e+07,3.55924e+16,2.69202e+23,5.42499e+07,-1.83448e+18,0.0197173,-0.00558118,-0.06
3,-6.96601e+17,-2.12094e+06,1.58617e+08,-4.58308e+07,3.85216e+16,4.4307e+23,8.09929e+07,-6.96601e+17,0.0153098,-0.011989,-0.06
3,-4.55455e+18,5.25115e+07,1.4798e+08,-1.02866e+08,4.20933e+16,8.45987e+23,1.33275e+08,-4.55455e+18,0.0193703,-0.0129492,-0.06
1,-4.64537e+16,-4.02052e+07,-4.55282e+07,-5.32589e+08,3.38572e+16,3.48552e+22,21004,-4.64537e+16,-0.0113191,-0.0313601,-0.06
1,-2.70139e+16,-3.14907e+08,1.18481e+08,-9.83917e+08,6.57656e+15,1.01803e+22,2377.79,-2.70139e+16,-0.0194392,-0.0402471,-0.06
1,-2.01301e+17,-4.62674e+08,5.65903e+07,-1.18651e+09,3.06213e+16,5.58088e+22,49059.2,-2.01301e+17,-0.0152474,-0.0477482,-0.06
1,-2.43766e+17,-5.03102e+08,3.74952e+07,-1.23977e+09,3.72175e+16,6.80348e+22,61467.3,-2.43766e+17,-0.0142114,-0.05,-0.06
1,-2.55078e+17,-5.12138e+08,3.766e+07,-1.24742e+09,3.78579e+16,6.91839e+22,62334.6,-2.55078e+17,-0.0138858,-0.05,-0.06
3.17546,-4.32673e+17,2.84836e+07,-1.13437e+07,1.81459e+07,2.92065e+15,5.96729e+20,8.50378e+07,-4.32673e+17,0.0057478,0.0390608,-0.06
3.15932,-4.35344e+17,2.89985e+07,-1.11776e+07,1.70257e+07,2.9272e+15,3.18441e+20,8.60998e+07,-4.35344e+17,0.00558857,0.0389714,-0.06
1,-2.27939e+16,-3.12687e+08,1.13867e+08,-9.69122e+08,4.71663e+15,7.93158e+21,1643.67,-2.27939e+16,-0.0201244,-0.0407178,-0.06
4,-1.44865e+17,6.2597e+08,2.93437e+07,6.55528e+08,1.62074e+16,6.19966e+22,44668.7,-1.44865e+17,0.0156762,0.0205121,-0.06
4,-1.45238e+17,6.04831e+08,2.34039e+07,5.9197e+08,2.11656e+16,6.86061e+22,70487.8,-1.45238e+17,0.0150014,0.0197707,-0.06
4,-3.46753e+17,5.1146e+08,8.43203e+07,7.30312e+08,4.4437e+16,1.1486e+23,606775,-3.46753e+17,0.0163513,0.0118906,-0.06
4,-3.47995e+17,4.41171e+08,6.457e+07,5.18976e+08,6.09234e+16,1.36837e+23,692625,-3.47995e+17,0.0141076,0.00942541,-0.06
3,-1.87986e+19,6.41906e+06,9.46264e+07,2.14943e+07,5.419e+16,3.04131e+25,6.85849e+08,-1.87986e+19,0.0315755,-0.0174356,-0.06
3,-2.65945e+19,-1.73554e+07,1.27912e+08,-4.62604e+07,6.12211e+16,2.55346e+25,7.94917e+08,-2.65945e+19,0.0305657,-0.0211815,-0.06
3,1.32036e+20,5.82589e+06,1.23198e+08,-4.13938e+07,9.52242e+16,2.81459e+26,1.6082e+09,1.32036e+20,0.0335077,-0.0215007,-0.06
4,-1.43935e+17,6.43502e+08,2.41267e+07,7.08694e+08,1.16061e+16,5.2583e+22,29868.9,-1.43935e+17,0.0163939,0.0222432,-0.06
4,-1.14083e+17,4.4898e+08,1.14897e+08,3.10671e+08,2.11485e+15,3.93192e+21,2.98042e+06,-1.14083e+17,0.0139013,0.0316248,-0.06
4,-1.3014e+17,5.46883e+08,4.27075e+07,5.30223e+08,1.0401e+16,4.4501e+22,1.29619e+06,-1.3014e+17,0.0145827,0.0231855,-0.06
2.29083,-9.07705e+17,-4.7533e+08,1.77136e+08,-6.98329e+08,9.91173e+17,1.37795e+24,5.76919e+06,-9.07705e+17,0.00182439,-0.0413163,-0.06
1.09529,-4.25752e+17,-4.53111e+08,1.08363e+08,-1.09125e+09,2.45305e+17,3.30064e+23,724353,-4.25752e+17,-0.0074881,-0.0403216,-0.06
1.01071,-4.02675e+17,-4.66152e+08,1.01386e+08,-1.12315e+09,1.82071e+17,2.49628e+23,363099,-4.02675e+17,-0.00811232,-0.0406014,-0.06
1.427,-8.55291e+17,-8.51653e+08,7.07422e+07,-1.09246e+09,1.7111e+17,4.51455e+23,2.00662e+06,-8.55291e+17,-0.00397649,-0.05,-0.06
1,5.55281e+16,5.08141e+07,-1.58793e+07,-2.50355e+08,3.47395e+14,7.58436e+18,631488,5.55281e+16,-0.0289871,-0.0129036,-0.06
1,5.81202e+16,6.31038e+07,8.62544e+07,-4.07509e+08,1.23169e+14,5.97245e+18,145977,5.81202e+16,-0.0296858,-0.0201434,-0.06
1,4.45316e+16,9.97589e+07,4.25726e+07,-4.0328e+08,1.25302e+14,1.11197e+19,50939.6,4.45316e+16,-0.022417,-0.0195536,-0.06
1.0034,-3.88324e+17,-4.52841e+08,1.02571e+08,-1.12123e+09,1.89157e+17,2.49111e+23,306203,-3.88324e+17,-0.00824057,-0.0402817,-0.06
1,4.25308e+16,6.69836e+07,-7.17422e+07,-3.04817e+08,1.32501e+15,7.61124e+20,59028.3,4.25308e+16,-0.0154749,-0.0116565,-0.06
1.18158,5.78736e+16,3.63023e+07,-6.06587e+07,-2.00197e+08,3.75667e+15,2.68898e+21,252880,5.78736e+16,-0.0125723,-0.0051009,-0.06
1.2253,6.527e+16,2.81892e+07,-6.45667e+07,-1.66447e+08,4.10581e+15,2.91885e+21,316856,6.527e+16,-0.0133192,-0.00297167,-0.06
1,5.37434e+16,6.47836e+07,-9.16579e+07,-2.78886e+08,6.09463e+14,5.17051e+19,111434,5.37434e+16,-0.0198529,-0.00998797,-0.06
1.56323,5.53137e+16,-4.30645e+06,9.25571e+06,-6.06609e+07,3.6796e+14,2.05833e+19,1.20217e+06,5.53137e+16,-0.0438362,0.00277441,-0.06
1.69214,6.92244e+15,3.8493e+07,2.82992e+07,-1.5337e+08,9.43632e+15,1.33948e+22,1.68657e+06,6.92244e+15,-0.00565854,-0.0161209,-0.06
2.11286,-1.59613e+15,3.78799e+06,5.93524e+07,-5.72696e+07,1.51451e+16,2.14316e+22,2.55958e+06,-1.59613e+15,-0.00154559,-0.0132305,-0.06
1.78961,7.54804e+15,2.24319e+07,2.77725e+07,-1.37113e+08,1.07695e+16,1.50919e+22,1.93266e+06,7.54804e+15,-0.00500648,-0.0127593,-0.06
1,1.05714e+17,-3.74617e+07,3.19781e+07,-4.90678e+08,2.77694e+13,1.35596e+19,166.12,1.05714e+17,-0.0451667,-0.0451111,-0.06
1,9.36907e+16,-5.90917e+07,5.76629e+07,-5.36977e+08,3.30546e+13,1.95016e+19,202.314,9.36907e+16,-0.0406983,-0.0409715,-0.06
1,9.61356e+16,-2.30824e+07,4.20294e+07,-4.68363e+08,1.59567e+13,6.8467e+18,126.649,9.61356e+16,-0.0487729,-0.0439318,-0.06
3,-6.36275e+18,-3.00266e+08,7.57743e+06,-7.15556e+08,6.15121e+16,2.62723e+26,1.93856e+08,-6.36275e+18,0.0326729,-0.05,-0.06
3,-2.26694e+18,-1.84647e+08,9.14975e+06,-7.33153e+08,4.81808e+16,3.51833e+26,2.14957e+08,-2.26694e+18,0.0408045,-0.05,-0.06
3,-5.38355e+17,-1.39135e+08,2.68141e+07,-4.16955e+08,6.88376e+16,1.86985e+26,2.97596e+08,-5.38355e+17,0.0384453,-0.0412705,-0.06
4,-9.34549e+17,2.68901e+08,-7.28462e+08,1.55879e+09,5.37534e+17,5.93545e+24,41251.4,-9.34549e+17,0.0493154,0.0234067,-0.06
4,-8.33562e+17,2.25711e+08,-6.85661e+08,1.53105e+09,4.92169e+17,5.64623e+24,33032.3,-8.33562e+17,0.0466578,0.0247541,-0.06
4,-1.02916e+18,3.05745e+08,-6.76594e+08,2.05856e+09,4.70222e+17,3.84e+24,293054,-1.02916e+18,0.0441803,0.0181763,-0.06
1,3.40853e+16,-6.87601e+07,1.36222e+08,-5.51883e+08,3.46054e+14,4.60018e+20,74.7919,3.40853e+16,-0.0219743,-0.0312151,-0.06
1,1.6106e+16,-8.10427e+07,1.39877e+08,-6.75843e+08,7.7425e+15,9.62172e+21,2892.21,1.6106e+16,-0.0186682,-0.0322691,-0.06
1,1.12178e+17,-3.41874e+07,9.70529e+06,-5.10676e+08,3.05584e+13,1.38363e+19,170.06,1.12178e+17,-0.0489306,-0.0488383,-0.06
2.91086,-3.38048e+18,2.56939e+07,-1.53883e+07,6.58024e+07,5.79227e+15,2.57381e+21,2.70585e+08,-3.38048e+18,0.00332348,0.0483529,-0.06
3.49856,-8.29943e+17,1.49544e+07,-1.60006e+07,6.27121e+07,3.26529e+15,6.75848e+21,9.81536e+07,-8.29943e+17,0.00833332,0.0467418,-0.06
3.06599,-2.02546e+18,2.60673e+07,-1.32555e+07,6.51053e+07,4.65894e+15,2.69768e+21,1.64321e+08,-2.02546e+18,0.00448196,0.05,-0.06
1,9.87804e+16,-1.96768e+07,4.29769e+07,-4.70272e+08,1.53144e+13,6.4127e+18,129.151,9.87804e+16,-0.05,-0.0444236,-0.06
1,1.1686e+17,-3.29668e+07,5.61964e+06,-5.18708e+08,3.22215e+13,1.45246e+19,178.763,1.1686e+17,-0.05,-0.05,-0.06
2,6.39978e+16,-1.16445e+07,-5.41593e+07,-8.16223e+07,3.10072e+14,1.76152e+20,6.56622e+06,6.39978e+16,-0.05,0.0205981,-0.06
2,8.01744e+16,-8.35702e+06,-1.8705e+07,-4.00265e+07,2.5235e+14,2.6633e+20,7.32231e+06,8.01744e+16,-0.05,0.0171384,-0.06
2,6.39806e+16,-6.28329e+06,-4.45394e+06,-2.2441e+07,2.29475e+14,2.15547e+20,6.32702e+06,6.39806e+16,-0.0481091,0.0171294,-0.06
1,4.4439e+16,1.03936e+08,3.35676e+07,-3.88352e+08,1.49442e+14,1.49328e+19,27886.2,4.4439e+16,-0.0215398,-0.0182175,-0.06
1,4.06803e+16,9.65576e+07,1.66096e+07,-3.77922e+08,6.18434e+14,3.88739e+20,19028.9,4.06803e+16,-0.0189155,-0.0172885,-0.06
3.12908,-6.69155e+19,-3.95565e+08,1.58267e+08,-9.32397e+07,1.83527e+17,1.17835e+25,6.19259e+09,-6.69155e+19,0.0396204,-0.00305899,-0.06
3.61609,-2.50763e+18,-5.60048e+08,1.96235e+08,4.93716e+07,2.41164e+17,3.61544e+24,6.06092e+08,-2.50763e+18,0.0364344,0.00409704,-0.06
3.11835,-1.31934e+19,-2.78066e+08,1.48472e+08,-6.78366e+07,1.23115e+17,2.28389e+24,1.39915e+09,-1.31934e+19,0.0320707,-0.00252033,-0.06
3,3.81046e+18,-1.34829e+08,2.34516e+07,-4.00815e+08,7.26801e+16,3.22299e+26,3.53431e+08,3.81046e+18,0.0383833,-0.0408625,-0.06
3,-2.41358e+18,-1.37084e+08,3.11794e+07,-3.95829e+08,7.34229e+16,1.57164e+26,3.4101e+08,-2.41358e+18,0.037927,-0.0405451,-0.06
3,-7.42163e+17,-1.49148e+08,2.72068e+07,-4.04629e+08,7.15158e+16,1.49825e+26,2.88335e+08,-7.42163e+17,0.0378732,-0.0412743,-0.06
3.14803,-5.31117e+17,2.90719e+07,-1.12658e+07,1.7761e+07,3.01874e+15,3.57295e+20,9.18504e+07,-5.31117e+17,0.00551594,0.039038,-0.06
2.92498,-2.32351e+17,7.93285e+07,1.5678e+08,1.76547e+08,4.52075e+16,7.92537e+22,7.78175e+06,-2.32351e+17,0.00622102,-0.0042418,-0.06
2.92764,-3.49036e+17,9.66594e+07,1.49149e+08,2.07339e+08,4.53972e+16,7.75744e+22,1.38195e+07,-3.49036e+17,0.00537228,-0.00293174,-0.06
2.89965,-9.19445e+16,9.75228e+07,1.50663e+08,2.06063e+08,4.4915e+16,5.3405e+22,3.32106e+06,-9.19445e+16,0.00485715,-0.00288705,-0.06
2,1.12618e+17,-8.65208e+06,-3.19551e+07,-3.66716e+07,4.43949e+14,5.96795e+19,6.37249e+06,1.12618e+17,-0.0422828,0.0219484,-0.06
2,9.39692e+16,-1.24339e+07,-7.97401e+07,-1.10721e+08,3.86125e+14,9.88006e+19,6.51472e+06,9.39692e+16,-0.05,0.0239188,-0.06
3,-5.25016e+17,-1.40429e+08,9.67544e+07,-2.22983e+08,8.03468e+16,1.186e+25,1.37403e+08,-5.25016e+17,0.0217347,-0.032011,-0.06
3,-6.29318e+17,-9.42528e+07,1.4927e+08,-2.02846e+08,5.01768e+16,1.14574e+24,8.70593e+07,-6.29318e+17,0.0153913,-0.0230302,-0.06
3,-9.83801e+17,-1.59881e+08,1.04438e+08,-2.68745e+08,1.19463e+17,7.64622e+24,9.7613e+07,-9.83801e+17,0.0177596,-0.0323536,-0.06
3,-1.15687e+18,-1.41769e+08,1.32872e+08,-2.70647e+08,1.14571e+17,1.14951e+24,6.18316e+07,-1.15687e+18,0.0135241,-0.0279266,-0.06
4,-8.34092e+17,4.31789e+08,-8.20334e+08,2.55236e+09,4.25361e+16,2.27601e+23,69779.3,-8.34092e+17,0.0285131,0.0162224,-0.06
4,-1.01653e+18,4.42584e+08,-6.40198e+08,2.18327e+09,4.39683e+16,2.39451e+23,321851,-1.01653e+18,0.0284964,0.0149562,-0.06
4,-7.58028e+17,5.8765e+07,-6.32809e+08,2.36896e+09,7.27466e+16,4.58398e+23,114616,-7.58028e+17,0.029584,0.0156305,-0.06
4,-7.91528e+17,3.775e+08,-8.67704e+08,2.42048e+09,5.03603e+16,2.80142e+23,65782.2,-7.91528e+17,0.0291262,0.0167531,-0.06
3,3.65938e+18,-7.84412e+07,2.79459e+07,-7.0923e+08,3.92553e+16,4.09672e+26,2.62396e+08,3.65938e+18,0.0491333,-0.0489887,-0.06
3,4.6801e+17,-1.22159e+08,2.71091e+07,-4.7493e+08,6.16395e+16,2.23279e+26,2.91589e+08,4.6801e+17,0.0409677,-0.0428741,-0.06
3,2.05791e+18,-1.0188e+08,2.07138e+07,-7.3279e+08,3.70627e+16,3.71471e+26,2.44925e+08,2.05791e+18,0.0476287,-0.05,-0.06
2.07959,-2.1564e+14,3.77309e+06,5.46002e+07,-5.76282e+07,1.42348e+16,2.01119e+22,2.5218e+06,-2.1564e+14,-0.00228916,-0.0121296,-0.06
1.26482,6.38418e+16,2.48663e+07,-6.07047e+07,-1.52443e+08,4.81235e+15,3.67811e+21,314990,6.38418e+16,-0.012242,-0.00275849,-0.06
3,-7.39158e+18,-3.51088e+08,9.62743e+06,-6.51892e+08,7.52177e+16,7.26181e+25,1.46747e+08,-7.39158e+18,0.0297612,-0.05,-0.06
3.14962,-4.67979e+17,2.90629e+07,-1.12094e+07,1.70004e+07,2.95687e+15,3.20428e+20,9.10328e+07,-4.67979e+17,0.00553476,0.0389626,-0.06
3.15434,-4.27671e+17,2.93432e+07,-1.11495e+07,1.74494e+07,2.89686e+15,3.15195e+20,8.55116e+07,-4.27671e+17,0.00558291,0.038909,-0.06
2,2.50868e+17,-1.57488e+08,-5.41719e+07,-7.63311e+08,1.29394e+14,2.06251e+19,153149,2.50868e+17,-0.0304472,0.0440169,-0.06
2,1.98933e+17,1.94053e+07,9.17713e+07,-1.30491e+09,3.58499e+13,4.4966e+18,42472.8,1.98933e+17,-0.0405076,0.0409479,-0.06
2,2.51959e+17,1.49472e+08,1.83371e+08,-7.29636e+08,4.29534e+13,6.53446e+18,90725,2.51959e+17,-0.0337831,0.05,-0.06
2,1.92092e+17,2.45196e+08,-3.19842e+08,-4.07205e+08,5.34539e+14,6.04345e+19,1.77927e+06,1.92092e+17,-0.0115213,0.0301185,-0.06
2,2.17238e+17,1.74767e+08,-2.23629e+08,-4.08101e+08,3.49008e+14,4.71387e+19,503812,2.17238e+17,-0.0183819,0.0305675,-0.06
2,1.41959e+17,2.05003e+08,-1.90101e+08,-3.25594e+08,9.04308e+14,1.57009e+20,213953,1.41959e+17,-0.00874265,0.0226513,-0.06
4,-4.64458e+17,1.51948e+07,-1.68891e+07,6.63758e+07,3.43203e+15,1.13276e+22,4.62202e+07,-4.64458e+17,0.0126825,0.0449399,-0.06
2.11254,-9.31692e+16,-1.08339e+07,1.20439e+07,-1.35147e+08,6.10772e+16,9.4961e+22,5.06416e+06,-9.31692e+16,-0.00147539,-0.0226916,-0.06
2.27923,-3.13851e+16,-3.10809e+06,7.45351e+07,-4.66118e+07,1.7659e+16,2.98733e+22,4.56675e+06,-3.13851e+16,-0.000145357,-0.0131393,-0.06
1.90482,-1.76105e+16,3.6625e+06,-1.20084e+07,-1.1532e+08,5.85019e+16,6.78084e+22,1.55444e+06,-1.76105e+16,-0.00352463,-0.0212618,-0.06
3,-3.24715e+17,-5.83348e+07,1.47001e+08,-1.41989e+08,3.81705e+16,1.46197e+23,1.75882e+07,-3.24715e+17,0.00704518,-0.0208235,-0.06
2.95349,-3.06876e+17,-6.07286e+07,1.42804e+08,-1.50941e+08,7.71398e+16,1.8408e+23,1.63986e+07,-3.06876e+17,0.00645108,-0.0217215,-0.06
1.72944,5.4807e+16,-1.98199e+06,5.02029e+06,-2.62936e+07,3.71146e+14,4.02768e+19,2.03325e+06,5.4807e+16,-0.0435238,0.00526724,-0.06
2,2.42031e+17,-1.14906e+08,-8.68546e+07,-6.34244e+08,1.7598e+14,2.87686e+19,179331,2.42031e+17,-0.0280951,0.0400326,-0.06
2,2.2724e+17,1.33065e+08,-1.84112e+08,-4.2024e+08,3.30783e+14,4.85933e+19,534594,2.2724e+17,-0.0201645,0.0311399,-0.06
2,3.00214e+16,4.29506e+07,-1.58233e+08,-3.85916e+08,9.8479e+14,1.16767e+21,7.59603e+07,3.00214e+16,-0.0190579,0.0417501,-0.06
2,1.95785e+17,-3.23182e+07,5.3406e+07,-1.31817e+09,3.93256e+13,5.92214e+18,43027.4,1.95785e+17,-0.0407615,0.0405168,-0.06
2,1.97683e+17,-2.20062e+07,5.8577e+07,-1.31084e+09,3.20255e+13,6.28747e+18,37695.3,1.97683e+17,-0.0413319,0.0409271,-0.06
1,1.1884e+17,-9.57117e+07,1.55688e+07,-5.97293e+08,4.72385e+13,2.72449e+19,256.121,1.1884e+17,-0.0426487,-0.05,-0.06
1,1.1144e+17,-1.76008e+08,2.43449e+07,-7.22036e+08,8.84231e+13,9.32812e+19,165.913,1.1144e+17,-0.0374907,-0.05,-0.06
1,1.03153e+17,-7.54421e+07,4.48606e+07,-5.68267e+08,3.79711e+13,2.20427e+19,215.497,1.03153e+17,-0.0407774,-0.0438531,-0.06
1,7.83329e+16,-1.63262e+07,9.18355e+07,-4.9531e+08,2.2103e+13,2.65537e+18,613.943,7.83329e+16,-0.0484111,-0.0334497,-0.06
1,7.3222e+16,-8.30988e+06,1.07707e+08,-4.79444e+08,3.61038e+13,2.52093e+18,1212.81,7.3222e+16,-0.0456413,-0.0299386,-0.06
1,8.22779e+16,-1.4966e+07,1.05896e+08,-5.18895e+08,2.62678e+13,2.53737e+18,787.496,8.22779e+16,-0.05,-0.0315707,-0.06
4,-8.64471e+17,5.60956e+08,-6.23941e+08,2.13995e+09,5.35206e+16,2.23505e+23,163280,-8.64471e+17,0.0274518,0.0159797,-0.06
4,-7.79337e+17,5.18917e+08,-6.88257e+08,2.20011e+09,8.20597e+16,2.32991e+23,470869,-7.79337e+17,0.0278131,0.0170762,-0.06
2,2.4189e+17,9.54935e+07,-1.26211e+08,-3.86965e+08,3.22441e+14,3.45828e+19,589270,2.4189e+17,-0.0243681,0.0306824,-0.06
2,2.22584e+17,1.44283e+08,-1.72026e+08,-3.9126e+08,3.37971e+14,4.9044e+19,546292,2.22584e+17,-0.020423,0.0303752,-0.06
3.63613,-3.89691e+17,2.94044e+08,1.23269e+08,3.7866e+08,7.50922e+16,1.26835e+23,3.13725e+06,-3.89691e+17,0.0143583,0.00335684,-0.06
3.70896,-1.35593e+18,3.1616e+08,-1.38506e+07,5.30345e+08,5.26018e+16,2.00463e+23,8.9275e+06,-1.35593e+18,0.0236174,0.00421229,-0.06
1,1.04743e+17,-2.31583e+08,3.52985e+07,-8.31483e+08,1.54704e+14,2.0161e+20,128.021,1.04743e+17,-0.0324003,-0.05,-0.06
1,7.80223e+16,-2.32013e+08,3.57431e+07,-8.62779e+08,4.96457e+14,7.90287e+20,94.0405,7.80223e+16,-0.0293492,-0.05,-0.06
1,9.54832e+16,-2.2948e+08,4.5725e+07,-8.30136e+08,1.75109e+14,2.35085e+20,104.266,9.54832e+16,-0.0313578,-0.0474715,-0.06
2,2.48585e+17,-7.36327e+07,-7.1682e+07,-5.50892e+08,2.12726e+14,2.40715e+19,317294,2.48585e+17,-0.0289561,0.0372412,-0.06
4,-2.35722e+17,8.23432e+07,-1.96548e+08,9.71259e+08,3.51276e+17,5.58263e+24,12157.3,-2.35722e+17,0.0386701,0.0409939,-0.06
4,-2.37041e+17,9.31822e+07,-3.19732e+08,1.01265e+09,3.75648e+17,5.97867e+24,11869.2,-2.37041e+17,0.0388103,0.0408694,-0.06
4,-2.35172e+17,8.28192e+07,-1.94267e+08,9.71816e+08,3.79105e+17,6.03994e+24,11876.2,-2.35172e+17,0.0389218,0.0409787,-0.06
2,1.41742e+17,6.51076e+06,-1.58191e+07,-3.33846e+06,4.88112e+14,9.0152e+18,1.65769e+07,1.41742e+17,-0.0333423,0.0158958,-0.06
2,1.42662e+17,-4.09435e+06,-1.4079e+07,-1.06308e+07,5.02699e+14,5.09773e+19,7.86992e+06,1.42662e+17,-0.037817,0.0216039,-0.06
2,1.29534e+17,-6.18709e+06,-1.12576e+07,-6.72666e+06,4.67632e+14,5.85978e+19,7.58295e+06,1.29534e+17,-0.0398976,0.0211576,-0.06
2,1.80266e+17,6.99024e+06,-2.30778e+07,-1.84908e+07,5.97401e+14,9.0302e+18,1.28236e+07,1.80266e+17,-0.0296698,0.0201946,-0.06
2,7.10895e+16,-141091,1.86662e+06,-1.67835e+07,1.7823e+14,1.06739e+20,3.49287e+06,7.10895e+16,-0.05,0.00889941,-0.06
1.46635,7.02597e+16,-7.32512e+06,1.49279e+07,-1.20457e+08,1.96449e+14,3.85689e+19,809234,7.02597e+16,-0.05,0.000956924,-0.06
4,-1.0696e+18,1.2758e+08,-5.77228e+08,2.32798e+09,4.53032e+17,3.12606e+24,428774,-1.0696e+18,0.0404489,0.0148917,-0.06
3.73073,-5.56969e+18,-6.37678e+08,-1.4144e+08,1.11801e+09,1.34098e+17,1.54831e+24,5.39789e+08,-5.56969e+18,0.0354018,0.00650449,-0.06
2,2.15998e+17,1.30675e+08,-1.57464e+08,-3.40951e+08,3.74593e+14,4.06443e+19,801608,2.15998e+17,-0.0207791,0.0281672,-0.06
2,1.5369e+17,9.22654e+06,-1.7429e+07,-6.99142e+06,5.83562e+14,9.11461e+18,1.80823e+07,1.5369e+17,-0.0289297,0.015366,-0.06
2,1.92795e+17,5.65195e+07,-7.19208e+07,-7.89504e+07,5.22423e+14,8.39483e+18,7.83053e+06,1.92795e+17,-0.0262667,0.0218987,-0.06
2,1.82173e+17,1.04684e+08,-1.12819e+08,-1.25788e+08,4.40728e+14,7.87198e+18,7.58294e+06,1.82173e+17,-0.0224646,0.0194341,-0.06
4,-1.89051e+17,-3.9946e+07,-1.98281e+07,7.10937e+08,8.47282e+16,1.32801e+24,1090.72,-1.89051e+17,0.0326729,0.05,-0.06
4,-2.33656e+17,7.68097e+07,-1.87515e+08,9.54057e+08,3.3514e+17,5.3264e+24,10708.3,-2.33656e+17,0.0381873,0.0415565,-0.06
4,-2.33131e+17,7.45457e+07,-1.88825e+08,9.82314e+08,3.57479e+17,5.69808e+24,11187.3,-2.33131e+17,0.0389243,0.0413645,-0.06
4,-1.68588e+17,-1.05338e+08,1.34452e+07,1.01314e+09,3.06041e+17,5.06098e+24,4552.12,-1.68588e+17,0.0408045,0.05,-0.06
1.82309,-1.93221e+16,8.56776e+06,-3.04175e+07,-1.33953e+08,6.60123e+16,7.5611e+22,1.23892e+06,-1.93221e+16,-0.00430941,-0.0231122,-0.06
1.80247,-1.6914e+16,8.19838e+06,-3.43632e+07,-1.36007e+08,6.44958e+16,7.37891e+22,1.21077e+06,-1.6914e+16,-0.00438253,-0.0226314,-0.06
1,2.97734e+16,8.91321e+07,-5.47093e+07,-2.89396e+08,1.63008e+15,1.31823e+21,27335.5,2.97734e+16,-0.0117365,-0.0191075,-0.06
1,2.28366e+16,1.03184e+08,-3.50649e+07,-3.00222e+08,1.06469e+15,1.08973e+21,14432,2.28366e+16,-0.012401,-0.0213473,-0.06
2,-2.79691e+18,3.68031e+07,-5.74792e+07,-1.77635e+08,2.87135e+15,5.44945e+21,1.49645e+08,-2.79691e+18,-0.0142114,0.05,-0.06
2,3.00029e+17,2.33317e+07,-1.48341e+08,-6.45131e+08,3.88368e+14,8.53391e+20,132031,3.00029e+17,-0.0235344,0.05,-0.06
2,5.67818e+16,2.74608e+07,-1.342e+08,-5.03462e+08,9.13869e+14,1.08664e+21,7.04706e+07,5.67818e+16,-0.0203102,0.0444538,-0.06
2,7.30358e+16,5.10451e+07,-1.33569e+08,-1.65631e+08,1.72695e+15,6.0991e+20,3.43108e+07,7.30358e+16,-0.0120137,0.0382144,-0.06
2,1.11561e+17,7.22717e+07,-1.43243e+08,-2.2509e+08,1.36585e+15,4.70466e+20,2.58728e+07,1.11561e+17,-0.0144542,0.0364006,-0.06
1.85369,-2.55294e+16,5.90611e+06,-3.07053e+07,-1.27879e+08,6.62336e+16,7.57611e+22,2.6673e+06,-2.55294e+16,-0.00399598,-0.0231628,-0.06
1.66744,-2.67532e+16,-2.93456e+06,-3.54727e+07,-2.03695e+08,6.09259e+16,6.88107e+22,1.00937e+06,-2.67532e+16,-0.00546987,-0.0246951,-0.06
3,-1.5827e+19,-3.13294e+07,1.08131e+08,-7.17771e+07,7.18886e+16,7.62306e+25,9.50539e+08,-1.5827e+19,0.0315119,-0.0223753,-0.06
3,-6.99176e+18,-1.50015e+08,9.36887e+07,-2.46012e+08,9.40105e+16,4.91427e+25,3.15755e+08,-6.99176e+18,0.0226172,-0.032292,-0.06
3,-5.44252e+18,-3.22177e+07,8.51506e+07,-1.22326e+08,6.99493e+16,1.7337e+26,5.63242e+08,-5.44252e+18,0.0378841,-0.0298027,-0.06
1,8.38411e+16,-1.69865e+07,1.01083e+08,-5.16933e+08,2.45283e+13,2.72677e+18,713.818,8.38411e+16,-0.05,-0.0333575,-0.06
2,1.29594e+17,-8.15397e+06,-1.32701e+07,-1.1865e+07,4.80199e+14,5.96155e+19,6.59818e+06,1.29594e+17,-0.0400479,0.0218142,-0.06
2,1.33751e+17,-5.95844e+06,-1.20814e+07,-9.47411e+06,4.82962e+14,5.8925e+19,6.98559e+06,1.33751e+17,-0.039465,0.0216841,-0.06
2,1.42003e+17,-1.91282e+07,-1.52152e+07,-7.68229e+07,4.68865e+14,4.87743e+19,5.79163e+06,1.42003e+17,-0.0397481,0.0241295,-0.06
3,-2.76571e+19,-4.16276e+07,-1.09379e+07,5.97286e+07,5.20943e+16,4.07584e+25,3.54746e+09,-2.76571e+19,0.0396493,-0.0105615,-0.06
3,1.65625e+19,1.88606e+07,2.22274e+07,1.90842e+08,3.67367e+17,1.55508e+26,2.64424e+09,1.65625e+19,0.0490791,-0.00580331,-0.06
3,-1.95664e+19,1.67108e+07,-1.17374e+07,1.6564e+08,2.72071e+17,6.82311e+25,4.52874e+09,-1.95664e+19,0.0448546,-0.00473099,-0.06
3,-2.04524e+19,-4.87805e+07,-3.06318e+06,5.16153e+07,4.50687e+16,5.71242e+25,2.98777e+09,-2.04524e+19,0.0399336,-0.0115709,-0.06
1,4.68168e+16,-8.2892e+06,1.41301e+07,-1.45018e+08,3.26123e+14,7.03968e+18,273122,4.68168e+16,-0.043049,-0.00365306,-0.06
1,4.64577e+16,-2.85384e+06,2.84309e+07,-2.40422e+08,2.86729e+14,5.11782e+18,185776,4.64577e+16,-0.0429343,-0.00928227,-0.06
1,5.11933e+16,-4.0634e+06,9.73404e+06,-1.27663e+08,4.44616e+14,7.64343e+18,323049,5.11933e+16,-0.0416739,-0.00466341,-0.06
1,4.78384e+16,3.77546e+06,5.26156e+07,-2.71745e+08,3.48027e+14,4.04482e+18,287140,4.78384e+16,-0.0412408,-0.013676,-0.06
1,5.27342e+16,5.19828e+06,4.46335e+07,-1.79753e+08,5.17099e+14,5.96307e+18,452542,5.27342e+16,-0.0394301,-0.0110989,-0.06
3.92993,-1.32404e+17,5.87111e+08,2.49011e+07,5.42117e+08,1.39692e+16,5.47746e+22,63596.7,-1.32404e+17,0.0138626,0.0198992,-0.06
4,-1.34715e+17,6.31187e+08,4.20552e+07,6.28533e+08,1.28287e+16,5.7421e+22,34659.2,-1.34715e+17,0.0147219,0.0206989,-0.06
3.90905,-1.30478e+17,5.8726e+08,2.66827e+07,5.34436e+08,1.1872e+16,5.11131e+22,296000,-1.30478e+17,0.0138062,0.0209175,-0.06
4,-2.38325e+17,8.81134e+07,-2.02987e+08,9.81093e+08,3.63789e+17,5.77806e+24,11293.1,-2.38325e+17,0.0387301,0.0407772,-0.06
4,-2.52025e+17,1.21852e+08,-3.04162e+08,1.16102e+09,3.25191e+17,5.11327e+24,10183.8,-2.52025e+17,0.0378261,0.0394898,-0.06
4,-2.53082e+17,9.2518e+07,-2.24088e+08,1.00101e+09,3.71632e+17,5.79768e+24,10536.4,-2.53082e+17,0.0388101,0.0398395,-0.06
2.4291,8.99944e+16,2.19924e+08,-8.82054e+07,-1.92706e+08,1.19203e+15,2.47672e+20,1.04619e+06,8.99944e+16,-0.00359454,0.0230482,-0.06
2.0414,1.25961e+17,2.15516e+08,-1.54115e+08,-2.91099e+08,1.18961e+15,1.82818e+20,194554,1.25961e+17,-0.00732271,0.0213235,-0.06
2.22171,1.04e+17,2.13444e+08,-9.17983e+07,-2.3697e+08,2.50534e+15,2.42077e+21,197378,1.04e+17,-0.00594105,0.0193451,-0.06
3,-4.82221e+17,-8.1901e+07,1.44825e+08,-1.8394e+08,4.2556e+16,7.69459e+23,7.69196e+07,-4.82221e+17,0.0147285,-0.0212808,-0.06
2,4.94815e+16,4.32531e+07,-1.32984e+08,-1.99897e+08,1.62528e+15,8.03445e+20,4.8061e+07,4.94815e+16,-0.0136898,0.0396613,-0.06
2,-7.05973e+16,4.85134e+07,-1.30417e+08,-1.44512e+08,1.92791e+15,6.86057e+20,7.36416e+07,-7.05973e+16,-0.0119213,0.0387863,-0.06
2,-7.34741e+17,4.76369e+07,-1.24251e+08,-1.32441e+08,2.31654e+15,1.1031e+21,1.15038e+08,-7.34741e+17,-0.0116864,0.0393556,-0.06
3,-1.46238e+18,-1.76216e+08,1.17956e+08,-3.14677e+08,1.5478e+17,1.32296e+24,4.46932e+07,-1.46238e+18,0.0126966,-0.0321691,-0.06
1.98361,1.20191e+17,5.23938e+07,-8.61382e+07,-1.45168e+08,5.22965e+14,6.90965e+19,4.65633e+06,1.20191e+17,-0.019328,0.0110976,-0.06
2,1.21038e+17,5.20082e+07,-8.47233e+07,-1.45803e+08,4.23816e+14,2.24828e+19,4.66746e+06,1.21038e+17,-0.019216,0.0116794,-0.06
2,1.20344e+17,4.98812e+07,-8.33986e+07,-1.35869e+08,3.77719e+14,1.44677e+19,5.87717e+06,1.20344e+17,-0.0198849,0.0114361,-0.06
4,-2.02982e+17,2.57781e+08,-2.40736e+08,6.15753e+08,1.47768e+16,1.91056e+23,89238.2,-2.02982e+17,0.0242715,0.0402266,-0.06
4,-1.98056e+17,2.51625e+08,-2.35594e+08,6.17049e+08,1.40874e+16,1.80806e+23,888036,-1.98056e+17,0.0237689,0.0401305,-0.06
4,-2.08867e+17,2.74315e+08,-2.36063e+08,6.43359e+08,2.75026e+16,1.8338e+23,92758.7,-2.08867e+17,0.0242138,0.0394958,-0.06
2,1.93319e+17,-3.70759e+07,-2.55688e+07,-1.9803e+08,4.79624e+14,1.74879e+19,2.6779e+06,1.93319e+17,-0.0377784,0.0291961,-0.06
2,2.11314e+17,-2.46893e+06,-5.11531e+07,-2.98407e+08,3.66877e+14,1.53146e+19,1.96587e+06,2.11314e+17,-0.0347267,0.030637,-0.06
2,1.87731e+17,-4.19465e+07,-2.26343e+07,-2.74674e+08,4.24643e+14,1.83856e+19,2.75101e+06,1.87731e+17,-0.0391072,0.030735,-0.06
1.79701,6.28429e+16,265720,2.47071e+06,-2.11566e+07,4.56997e+14,1.56371e+19,8.02032e+06,6.28429e+16,-0.0377572,0.00580279,-0.06
2,7.66783e+16,4.49794e+06,-1.60268e+06,-8.15514e+06,5.03947e+14,6.58134e+18,1.54971e+07,7.66783e+16,-0.03258,0.00824627,-0.06
2,7.19276e+16,2.56888e+06,1.01658e+06,-6.69558e+06,4.49912e+14,2.95362e+19,1.33405e+07,7.19276e+16,-0.0353532,0.00965932,-0.06
2,1.22246e+17,1.72353e+08,-1.34087e+08,-2.90133e+08,1.68742e+15,3.71751e+20,198283,1.22246e+17,-0.00823171,0.0188629,-0.06
2,1.27012e+17,1.90212e+08,-1.50476e+08,-2.94686e+08,9.51715e+14,1.67825e+20,198775,1.27012e+17,-0.00841968,0.0202649,-0.06
2,3.28161e+16,2.98091e+07,-1.28833e+08,-3.88235e+08,1.04495e+15,1.21361e+21,7.63804e+07,3.28161e+16,-0.0188865,0.0439882,-0.06
2,-1.92002e+18,4.07559e+07,-8.06131e+07,-1.46754e+08,2.57554e+15,3.98146e+21,1.15531e+08,-1.92002e+18,-0.0132273,0.0462157,-0.06
2,-2.84124e+18,3.733e+07,-5.5493e+07,-1.53652e+08,2.92105e+15,5.53242e+21,1.51757e+08,-2.84124e+18,-0.0138858,0.05,-0.06
1.97159,-2.30272e+17,-1.07184e+08,1.56786e+07,-3.78543e+08,5.99386e+17,6.31008e+23,1.54149e+06,-2.30272e+17,-0.0032138,-0.0332946,-0.06
2.32524,-8.02086e+17,-3.78073e+08,1.52511e+08,-5.93634e+08,9.55946e+17,1.30737e+24,5.60604e+06,-8.02086e+17,0.00192941,-0.0391843,-0.06
2.91307,-2.58337e+17,-1.04082e+08,7.62335e+07,-2.24051e+08,7.58027e+17,8.46175e+23,8.35404e+06,-2.58337e+17,0.00390435,-0.0302385,-0.06
1,1.07758e+17,-2.29334e+08,3.59732e+07,-8.15612e+08,1.19014e+14,1.40322e+20,135.223,1.07758e+17,-0.0337831,-0.05,-0.06
3,-1.88093e+19,2.80987e+07,9.25157e+07,3.7018e+06,4.65625e+16,1.68693e+25,3.64379e+08,-1.88093e+19,0.0273546,-0.011677,-0.06
3,-2.81532e+19,7.62393e+06,1.31614e+08,-8.40445e+07,5.21686e+16,6.02154e+24,3.76301e+08,-2.81532e+19,0.0245856,-0.0140377,-0.06
1,9.38917e+16,-6.18401e+07,6.20123e+07,-5.46415e+08,3.47638e+13,2.10191e+19,214.133,9.38917e+16,-0.039799,-0.0400144,-0.06
1,8.97588e+16,-5.51421e+07,6.1438e+07,-5.27959e+08,3.14697e+13,1.83388e+19,212.225,8.97588e+16,-0.0406587,-0.0391288,-0.06
2,2.57668e+17,5.0569e+07,-7.85788e+07,-3.66755e+08,2.71319e+14,1.34901e+19,530937,2.57668e+17,-0.0286635,0.0308393,-0.06
2,2.5291e+17,4.96124e+07,-7.5899e+07,-3.17602e+08,3.11102e+14,1.23629e+19,1.72096e+06,2.5291e+17,-0.0292667,0.0299025,-0.06
1,3.6246e+16,1.03057e+08,1.84007e+07,-3.65257e+08,5.43005e+14,4.99495e+20,9735.35,3.6246e+16,-0.0179141,-0.019924,-0.06
1,4.26408e+16,1.05866e+08,3.99788e+07,-4.05618e+08,1.70332e+14,6.41835e+19,5909.4,4.26408e+16,-0.0208349,-0.0192127,-0.06
1,5.74797e+16,-5.50065e+06,1.09438e+08,-4.52612e+08,6.33067e+13,1.52515e+18,4433.87,5.74797e+16,-0.046588,-0.0243743,-0.06
1,5.24837e+16,-7.8075e+06,1.0947e+08,-4.59337e+08,7.56287e+13,8.56027e+17,6362.09,5.24837e+16,-0.05,-0.0216128,-0.06
1,-3.90885e+17,-4.53185e+08,1.03684e+08,-1.12107e+09,1.84632e+17,2.46233e+23,318838,-3.90885e+17,-0.00820586,-0.0403577,-0.06
4,-9.70393e+17,2.44423e+08,-7.4216e+08,1.58238e+09,5.54343e+17,6.3487e+24,44432.8,-9.70393e+17,0.05,0.0235114,-0.06
4,-1.14554e+18,2.91845e+08,-7.79764e+08,1.70547e+09,5.24771e+17,5.14674e+24,84885.6,-1.14554e+18,0.05,0.0226863,-0.06
2,1.30553e+17,1.84974e+08,-1.47059e+08,-2.99061e+08,9.74363e+14,1.73635e+20,204685,1.30553e+17,-0.0085707,0.0210814,-0.06
2,1.99689e+17,-3.4809e+07,5.88004e+07,-1.33257e+09,4.51969e+13,4.98431e+18,55359.4,1.99689e+17,-0.0403859,0.0407124,-0.06
3,-1.91412e+19,-4.60214e+07,1.25956e+06,5.22117e+07,4.51609e+16,5.85639e+25,3.00333e+09,-1.91412e+19,0.0399254,-0.012372,-0.06
3,-1.57551e+19,-4.80166e+07,-3.34238e+06,5.49743e+07,4.40864e+16,7.36355e+25,2.79845e+09,-1.57551e+19,0.0404005,-0.0118239,-0.06
3,-7.45687e+19,-3.74647e+08,1.08879e+09,2.36767e+08,1.08268e+18,1.36786e+26,6.94793e+09,-7.45687e+19,0.0396511,-0.00498559,-0.06
1,8.88634e+16,-1.06918e+08,6.52102e+07,-6.38234e+08,1.03392e+14,1.30505e+20,170.724,8.88634e+16,-0.0361128,-0.0409708,-0.06
1,9.63702e+16,-6.92584e+07,6.36047e+07,-5.68163e+08,3.785e+13,2.48594e+19,215.13,9.63702e+16,-0.0394533,-0.0409433,-0.06
3,-6.38126e+17,-1.27324e+08,1.03579e+08,-2.49652e+08,6.32101e+17,1.03815e+24,1.90679e+07,-6.38126e+17,0.00671789,-0.0306106,-0.06
3,-1.46093e+18,-1.92254e+08,1.48384e+08,-3.37643e+08,3.98126e+17,1.47419e+24,4.05444e+07,-1.46093e+18,0.0114329,-0.0322973,-0.06
3,-1.47125e+18,-1.73179e+08,1.19296e+08,-3.08128e+08,1.5589e+17,1.24096e+24,4.2722e+07,-1.47125e+18,0.01207,-0.031219,-0.06
3,-1.63719e+18,-1.66657e+08,8.68001e+07,-2.52442e+08,9.18365e+16,1.68905e+25,1.45113e+08,-1.63719e+18,0.0221599,-0.0330604,-0.06
1.90762,-2.59254e+16,2.18475e+06,-2.26655e+07,-1.27502e+08,6.54516e+16,7.61383e+22,1.47298e+06,-2.59254e+16,-0.0037264,-0.0231378,-0.06
1.86636,-3.65809e+16,-2.64801e+06,-3.2886e+07,-1.38158e+08,8.09473e+16,9.2982e+22,1.31109e+06,-3.65809e+16,-0.00392532,-0.0237091,-0.06
3,-6.09087e+17,-1.25383e+08,3.41958e+07,-3.81918e+08,6.92659e+16,1.87948e+26,3.1184e+08,-6.09087e+17,0.0390145,-0.0403264,-0.06
3,1.39567e+18,-1.3025e+08,2.73947e+07,-4.05966e+08,6.80335e+16,2.40867e+26,3.37161e+08,1.39567e+18,0.0388828,-0.0408806,-0.06
3,1.76168e+19,-4.68374e+07,5.92834e+07,-4.2616e+08,3.84987e+16,7.02473e+26,6.15147e+08,1.76168e+19,0.05,-0.0381917,-0.06
3,4.56566e+18,-2.37952e+07,9.74421e+07,-2.81884e+08,4.78981e+16,3.55611e+26,4.45162e+08,4.56566e+18,0.05,-0.0350889,-0.06
2,1.98344e+17,1.24829e+07,8.67749e+07,-1.29955e+09,4.01659e+13,5.62085e+18,43483.4,1.98344e+17,-0.0406055,0.0407242,-0.06
1,-1.41486e+16,-2.96375e+08,9.6761e+07,-9.62954e+08,3.89742e+15,6.54529e+21,1274.7,-1.41486e+16,-0.0208103,-0.0432591,-0.06
1,-2.45252e+16,-3.03718e+08,1.09334e+08,-9.71869e+08,4.9225e+15,8.33077e+21,1623.06,-2.45252e+16,-0.0198018,-0.0413001,-0.06
1,6.32341e+16,-2.7091e+08,6.35616e+07,-8.62816e+08,4.00915e+14,5.9266e+20,48.822,6.32341e+16,-0.0274136,-0.0448782,-0.06
1,2.94474e+16,-2.74652e+08,4.31021e+07,-9.26852e+08,1.03433e+15,1.68805e+21,30.1891,2.94474e+16,-0.0235344,-0.05,-0.06
3.70823,-1.41849e+18,3.10012e+08,-2.45699e+07,5.62861e+08,5.24156e+16,2.03135e+23,8.96252e+06,-1.41849e+18,0.0240548,0.00417363,-0.06
3.75904,-5.53989e+18,1.42553e+08,-2.0672e+08,9.0751e+08,7.46368e+16,1.0304e+24,4.83422e+08,-5.53989e+18,0.0327868,0.00622197,-0.06
1,5.42285e+16,2.00342e+06,4.58275e+07,-2.07241e+08,5.254e+14,4.92574e+18,716645,5.42285e+16,-0.0384359,-0.0132509,-0.06
1,9.77605e+16,-1.89762e+07,4.54127e+07,-4.6656e+08,1.43587e+13,5.9074e+18,129.78,9.77605e+16,-0.05,-0.0431195,-0.06
2,6.4177e+16,189632,4.61574e+06,-3.59287e+06,3.39335e+14,5.92401e+19,5.81486e+06,6.4177e+16,-0.0416569,0.0116404,-0.06
2,7.27275e+16,-167291,2.66958e+06,-4.86094e+06,3.52921e+14,6.02045e+19,8.69706e+06,7.27275e+16,-0.0406933,0.0130145,-0.06
1.70419,5.50103e+16,-1.91665e+06,4.84373e+06,-2.62973e+07,4.07762e+14,2.33773e+19,2.01597e+06,5.50103e+16,-0.0418481,0.0049793,-0.06
2,6.22789e+16,-282385,4.99313e+06,-7.31773e+06,2.80091e+14,8.58806e+19,5.22369e+06,6.22789e+16,-0.0449143,0.0110999,-0.06
3.43026,-1.04853e+19,-8.59738e+08,3.50747e+08,-2.42239e+08,4.05502e+17,2.79293e+25,9.75179e+08,-1.04853e+19,0.0421124,0.00133186,-0.06
1,3.74909e+16,7.12003e+07,-7.92382e+07,-2.95215e+08,2.09987e+15,1.31126e+21,52322.8,3.74909e+16,-0.0121457,-0.0132018,-0.06
1.12493,5.2393e+16,-6.12821e+06,5.19987e+06,-9.62694e+07,4.46188e+14,7.74114e+18,1.19939e+06,5.2393e+16,-0.0399289,-0.00237611,-0.06
2,1.84474e+17,-2.9615e+07,-9.03354e+07,-7.17746e+08,9.38156e+13,1.69645e+19,69166.1,1.84474e+17,-0.05,0.0352695,-0.06
2,2.00317e+17,7.14135e+07,3.6155e+07,-9.91862e+08,5.52704e+12,2.16899e+19,202.204,2.00317e+17,-0.05,0.0424471,-0.06
1,4.92718e+16,-6.16088e+06,1.00645e+08,-4.35982e+08,1.00857e+14,1.45203e+18,11680,4.92718e+16,-0.0487635,-0.0195136,-0.06
3.04506,-7.39408e+19,-2.66467e+08,-2.40493e+08,-3.48896e+08,9.88346e+17,4.26036e+25,7.01872e+09,-7.39408e+19,0.0398268,-0.00437188,-0.06
2,2.47675e+17,-1.16917e+08,-7.75307e+07,-6.8345e+08,1.69849e+14,2.94426e+19,175698,2.47675e+17,-0.0283908,0.04143,-0.06
4,-2.37954e+17,9.649e+07,-3.59956e+08,1.02573e+09,4.03684e+17,6.42235e+24,11120.2,-2.37954e+17,0.0389359,0.0406993,-0.06
3,-4.14908e+17,-6.91967e+07,1.466e+08,-1.6984e+08,4.08175e+16,4.13627e+23,4.28521e+07,-4.14908e+17,0.0101976,-0.0216613,-0.06
3,-3.39673e+17,-6.2379e+07,1.41639e+08,-1.55335e+08,4.15823e+16,1.58606e+23,1.86986e+07,-3.39673e+17,0.00751585,-0.0215482,-0.06
2,2.32377e+17,3.50387e+07,-5.88504e+07,-2.16773e+08,4.11796e+14,1.06458e+19,5.41566e+06,2.32377e+17,-0.0290929,0.0269709,-0.06
2,1.94171e+17,1.18323e+07,5.98951e+07,-1.47247e+09,3.05775e+12,9.10667e+18,3062.79,1.94171e+17,-0.0471419,0.05,-0.06
2,1.9328e+17,3.58244e+08,2.66567e+08,-9.47519e+08,4.60694e+12,1.87905e+19,135.437,1.9328e+17,-0.049112,0.0489687,-0.06
2,2.17515e+17,4.91202e+06,-2.62559e+07,-3.12618e+07,5.96064e+14,1.13457e+19,8.21089e+06,2.17515e+17,-0.0305507,0.0230226,-0.06
3,-3.669e+18,-3.64531e+08,7.20615e+07,-5.71781e+08,1.69045e+17,9.61455e+24,5.92638e+07,-3.669e+18,0.0152234,-0.041738,-0.06
3,-3.61253e+18,-3.72058e+08,6.66217e+07,-5.76957e+08,1.613e+17,2.08711e+25,7.09107e+07,-3.61253e+18,0.0161987,-0.0427842,-0.06
3,-1.69306e+18,-1.87014e+08,7.96969e+07,-2.77313e+08,8.75489e+16,2.93483e+25,1.53356e+08,-1.69306e+18,0.0228653,-0.0347732,-0.06
1,-6.0217e+16,-3.54067e+08,1.11639e+08,-1.03872e+09,1.70646e+16,2.83501e+22,26234.1,-6.0217e+16,-0.0185031,-0.0412751,-0.06
3,-3.30691e+19,2.00415e+07,6.97257e+07,1.82933e+07,5.22426e+16,4.03631e+26,4.03081e+09,-3.30691e+19,0.0449446,-0.0222713,-0.06
3,1.35316e+18,4.7931e+06,9.31647e+07,-8.67602e+07,5.48865e+16,2.85457e+26,4.43569e+08,1.35316e+18,0.0418788,-0.0296087,-0.06
3,-2.2988e+18,3.11396e+06,9.11742e+07,-3.4897e+07,3.80627e+16,4.4324e+26,1.09929e+09,-2.2988e+18,0.05,-0.0255514,-0.06
4,-2.37667e+17,8.65456e+07,-2.02387e+08,9.7841e+08,3.51384e+17,5.58393e+24,11409.8,-2.37667e+17,0.0386554,0.0408677,-0.06
4,-2.27642e+17,1.3994e+08,-2.1441e+08,8.73821e+08,2.52745e+17,4.00573e+24,36355.8,-2.27642e+17,0.0343766,0.0405223,-0.06
4,-2.11734e+17,-4.55611e+07,-9.97924e+07,9.02709e+08,6.79821e+17,1.10493e+25,411.131,-2.11734e+17,0.05,0.0476389,-0.06
4,-2.07884e+17,-6.62709e+07,-7.05304e+07,8.84581e+08,5.49754e+17,8.99814e+24,647.031,-2.07884e+17,0.05,0.05,-0.06
4,-2.00296e+17,-5.3398e+07,-5.85552e+07,8.77826e+08,5.79808e+17,9.46439e+24,4855.56,-2.00296e+17,0.0490301,0.0490828,-0.06
2,9.222e+16,5.20064e+06,-4.86318e+06,-6.67943e+06,5.13069e+14,7.06064e+18,1.67818e+07,9.222e+16,-0.0319033,0.00971763,-0.06
4,-2.50304e+17,-4.01815e+07,-1.72708e+08,9.30253e+08,9.26465e+17,1.49777e+25,108.068,-2.50304e+17,0.05,0.0422863,-0.06
4,-2.36095e+17,7.91205e+07,-1.97211e+08,9.73125e+08,4.06676e+17,6.48627e+24,10724.2,-2.36095e+17,0.0395039,0.0410049,-0.06
1,4.13337e+16,-3.80904e+06,5.34608e+07,-3.26737e+08,1.30211e+14,2.37587e+18,54487.6,4.13337e+16,-0.0474198,-0.0122983,-0.06
3,-3.23762e+18,-3.88639e+08,6.42101e+07,-6.03853e+08,1.74605e+17,6.62563e+24,5.11963e+07,-3.23762e+18,0.0148308,-0.0426175,-0.06
1,5.35637e+16,2.21609e+06,9.52704e+07,-4.23569e+08,1.58877e+14,2.10807e+18,9221.16,5.35637e+16,-0.0386007,-0.0202485,-0.06
3,-1.92948e+19,-4.99845e+07,-1.36547e+06,4.94333e+07,4.52362e+16,4.50458e+25,2.95559e+09,-1.92948e+19,0.0395175,-0.0116936,-0.06
3,-2.24187e+19,-5.05654e+07,-1.70382e+06,4.98519e+07,4.55229e+16,4.7389e+25,3.10215e+09,-2.24187e+19,0.0397351,-0.0117076,-0.06
3,-3.74983e+17,-1.19008e+08,9.43918e+07,-2.36429e+08,7.93718e+17,9.35883e+23,9.24696e+06,-3.74983e+17,0.0047538,-0.0302754,-0.06
3,-2.57662e+17,-1.03013e+08,9.49239e+07,-2.16612e+08,7.82187e+17,8.75645e+23,1.42021e+07,-2.57662e+17,0.00468249,-0.0298759,-0.06
1,8.04311e+16,-2.10535e+08,7.31124e+07,-7.81749e+08,2.25331e+14,3.10417e+20,113.71,8.04311e+16,-0.0291882,-0.0424937,-0.06
4,-3.59867e+17,5.62685e+08,-3.2349e+08,1.38842e+09,2.85559e+16,1.45752e+23,52169.9,-3.59867e+17,0.0212081,0.0187919,-0.06
4,-5.68428e+17,4.84925e+08,-5.50952e+08,1.91706e+09,4.54779e+16,2.19335e+23,224405,-5.68428e+17,0.0252312,0.0150411,-0.06
3,-8.01496e+17,2.65082e+07,1.71924e+08,3.4645e+07,4.99556e+16,1.95392e+23,2.91758e+07,-8.01496e+17,0.012186,-0.00977494,-0.06
3.25363,-6.15206e+17,1.2124e+08,1.53144e+08,1.93845e+08,7.24837e+16,1.67793e+23,1.62407e+07,-6.15206e+17,0.0135242,-0.00437017,-0.06
3.06772,2.93959e+19,2.05141e+07,-1.28306e+07,2.31026e+08,4.15125e+17,1.03994e+26,1.37797e+09,2.93959e+19,0.0486108,-0.00363723,-0.06
4,-2.00193e+18,1.5143e+08,-3.74442e+08,2.88749e+09,7.0778e+17,6.09807e+24,1.37704e+06,-2.00193e+18,0.0498484,0.0118942,-0.06
4,-9.76341e+17,3.23769e+08,-5.91985e+08,2.28438e+09,4.71528e+17,3.26222e+24,423131,-9.76341e+17,0.0408473,0.0151796,-0.06
4,-2.02311e+18,1.45526e+08,-3.90557e+08,2.9271e+09,7.05062e+17,6.05133e+24,1.37326e+06,-2.02311e+18,0.05,0.0120019,-0.06
4,-1.02059e+18,3.11986e+08,-6.20827e+08,2.36076e+09,4.67629e+17,3.18923e+24,420740,-1.02059e+18,0.0411719,0.0153635,-0.06
3,-4.8181e+18,-3.13876e+08,2.82697e+07,-4.73198e+08,9.49146e+16,5.69221e+25,1.17751e+08,-4.8181e+18,0.0263822,-0.0454318,-0.06
3.58542,4.41556e+18,1.49885e+08,-1.47898e+08,1.15521e+09,7.43966e+17,3.99401e+25,1.19518e+08,4.41556e+18,0.05,0.00436216,-0.06
3.57557,3.92721e+17,-6.1227e+08,1.28957e+08,2.12079e+08,4.13895e+17,2.87943e+25,1.79417e+08,3.92721e+17,0.0465899,0.00372607,-0.06
3.19747,2.92137e+19,2.03603e+07,-7.54901e+07,3.99462e+08,4.18106e+17,9.32173e+25,9.0109e+08,2.92137e+19,0.05,-0.00164773,-0.06
3,-2.83058e+17,-9.02121e+07,1.12702e+08,-1.98162e+08,5.59445e+17,6.5953e+23,1.19215e+07,-2.83058e+17,0.00542011,-0.0271485,-0.06
2.36802,-9.1173e+17,-4.3875e+08,1.83243e+08,-6.57594e+08,1.03033e+18,1.42269e+24,6.00168e+06,-9.1173e+17,0.00252968,-0.0404355,-0.06
2,2.2085e+17,-9.80239e+07,5.09154e+06,-1.35955e+09,2.06455e+13,6.22757e+18,51403.7,2.2085e+17,-0.0374907,0.05,-0.06
2,1.86176e+17,1.73968e+07,2.56263e+07,-1.82653e+09,4.77147e+12,6.30416e+18,6880.45,1.86176e+17,-0.0426487,0.05,-0.06
1,5.74539e+16,1.14861e+06,1.01152e+08,-4.35079e+08,1.27733e+14,2.03654e+18,5558.23,5.74539e+16,-0.0391207,-0.0228628,-0.06
1,6.70471e+16,8.15555e+06,1.15502e+08,-4.46483e+08,5.55046e+13,2.81551e+18,1935.4,6.70471e+16,-0.0414179,-0.0278923,-0.06
1,6.40135e+16,-3.1277e+07,1.15783e+08,-4.66862e+08,6.2884e+13,4.61366e+19,332.199,6.40135e+16,-0.0319586,-0.0299005,-0.06
2,-1.4326e+18,1.11225e+07,-2.73438e+07,1.35875e+07,4.05935e+15,1.10734e+21,3.0291e+08,-1.4326e+18,-0.00372845,0.0417048,-0.06
2,-1.87178e+18,1.18371e+07,-2.65547e+07,1.67213e+07,4.26782e+15,1.3989e+21,3.25035e+08,-1.87178e+18,-0.00385352,0.0420176,-0.06
3.91039,-3.29211e+17,3.8358e+08,9.29551e+07,4.35886e+08,6.28032e+16,1.12665e+23,724332,-3.29211e+17,0.0121311,0.00726041,-0.06
3.76703,-3.05319e+17,3.82249e+08,6.95485e+07,3.53213e+08,3.69949e+16,9.08462e+22,669711,-3.05319e+17,0.010321,0.00985265,-0.06
2.89732,-7.21507e+16,2.10649e+08,5.62144e+07,1.41009e+08,2.95604e+16,3.70742e+22,420870,-7.21507e+16,0.00194265,0.00639868,-0.06
2,-2.28756e+18,2.55976e+07,-4.21758e+07,-7.85316e+07,3.41542e+15,3.77425e+21,2.09146e+08,-2.28756e+18,-0.00955178,0.0465948,-0.06
2,-2.80631e+18,3.51293e+07,-5.13931e+07,-1.38864e+08,2.94539e+15,5.49062e+21,1.51851e+08,-2.80631e+18,-0.0135643,0.05,-0.06
2,-2.63918e+18,1.45344e+07,-2.64285e+07,3.13493e+07,4.52687e+15,2.03417e+21,3.11814e+08,-2.63918e+18,-0.00344302,0.043139,-0.06
2,-6.94013e+18,2.85869e+07,-2.12966e+07,9.01732e+07,5.93208e+15,5.49914e+21,3.61446e+08,-6.94013e+18,-0.00397649,0.05,-0.06
1,-3.6616e+17,-4.63472e+08,9.00898e+07,-1.14631e+09,1.56731e+17,2.12038e+23,260777,-3.6616e+17,-0.00923898,-0.0420211,-0.06
1,-2.57588e+17,-5.0811e+08,3.7437e+07,-1.24355e+09,3.79805e+16,6.93504e+22,62546.6,-2.57588e+17,-0.0137779,-0.0497548,-0.06
1.02413,-2.81116e+17,-5.18206e+08,3.42402e+07,-1.24461e+09,4.14503e+16,7.8776e+22,87401.7,-2.81116e+17,-0.0135643,-0.05,-0.06
1,9.44123e+16,-6.87953e+07,6.41082e+07,-5.65219e+08,3.94033e+13,2.75971e+19,211.409,9.44123e+16,-0.0388466,-0.0401391,-0.06
2.51679,-1.24378e+18,-5.24265e+08,1.56245e+08,-7.06208e+08,8.75932e+17,1.70476e+24,8.37861e+06,-1.24378e+18,0.00309857,-0.0427793,-0.06
2.39991,-1.04518e+18,-4.31101e+08,1.89456e+08,-6.52875e+08,1.03371e+18,1.49894e+24,6.72589e+06,-1.04518e+18,0.00306329,-0.0402021,-0.06
2,1.77257e+17,-6.04696e+07,-1.24725e+08,-6.61627e+08,1.23012e+14,1.72986e+19,88710.4,1.77257e+17,-0.0494782,0.0333437,-0.06
2,1.75912e+17,-6.27226e+07,-1.33861e+08,-6.2333e+08,1.25045e+14,1.37099e+19,104116,1.75912e+17,-0.0495161,0.0323192,-0.06
2,1.8227e+17,-5.90391e+07,-9.87594e+07,-5.36454e+08,2.23308e+14,1.49617e+19,1.03656e+06,1.8227e+17,-0.0465483,0.0323176,-0.06
2,1.83717e+17,-6.24229e+07,-1.29992e+08,-6.512e+08,1.1543e+14,2.08515e+19,83835.3,1.83717e+17,-0.05,0.0334684,-0.06
3.00531,-2.28108e+18,1.20931e+08,1.28026e+08,9.50603e+07,3.73892e+16,3.05559e+23,5.61704e+07,-2.28108e+18,0.0205643,-0.0051112,-0.06
3.00679,-2.00644e+18,1.22387e+08,1.32126e+08,9.42255e+07,3.49633e+16,2.82566e+23,6.04391e+07,-2.00644e+18,0.0203365,-0.00508758,-0.06
4,-5.85993e+17,2.61625e+08,-1.21498e+09,2.68092e+09,8.9911e+16,9.00381e+23,2051,-5.85993e+17,0.0312032,0.0276072,-0.06
4,-7.25213e+17,1.33451e+07,-7.40659e+08,1.61779e+09,4.776e+17,6.32737e+24,2555.08,-7.25213e+17,0.0387886,0.0266404,-0.06
4,-4.06316e+17,4.10835e+08,-1.08893e+09,2.51595e+09,1.01079e+17,9.10878e+23,1243.99,-4.06316e+17,0.0306645,0.028784,-0.06
4,-4.77353e+17,2.17537e+08,-5.59701e+08,1.3755e+09,4.97904e+17,6.40902e+24,1440.34,-4.77353e+17,0.0381342,0.0282631,-0.06
2,1.82934e+17,-6.79579e+07,-1.38752e+08,-6.59065e+08,1.23977e+14,1.53582e+19,85878.2,1.82934e+17,-0.05,0.0327965,-0.06
2,1.53724e+17,-5.13228e+07,-1.25275e+08,-5.3641e+08,1.72169e+14,2.37386e+19,1.21961e+06,1.53724e+17,-0.05,0.0306994,-0.06
2.45117,-5.35433e+18,3.0723e+07,-1.78604e+07,8.91526e+07,5.09184e+15,4.68856e+21,3.07026e+08,-5.35433e+18,0.000113894,0.05,-0.06
4,-1.82146e+17,-974055,-4.96693e+07,5.77974e+08,6.75429e+16,1.03548e+24,1070.64,-1.82146e+17,0.0297612,0.05,-0.06
4,-2.46832e+17,3.92643e+07,-2.6243e+07,1.622e+08,9.15902e+15,1.15651e+23,1.01508e+07,-2.46832e+17,0.0187382,0.05,-0.06
1.2253,6.48185e+16,2.40852e+07,-6.6218e+07,-1.57083e+08,4.20498e+15,2.96244e+21,321520,6.48185e+16,-0.0127558,-0.00222995,-0.06
1.29323,6.7907e+16,2.66217e+07,-6.57409e+07,-1.56588e+08,4.39866e+15,3.01783e+21,373209,6.7907e+16,-0.0126387,-0.0013154,-0.06
1.30214,6.30738e+16,1.961e+07,-5.44662e+07,-1.34002e+08,2.90602e+15,1.98731e+21,712813,6.30738e+16,-0.0168992,-0.00137433,-0.06
1.17173,4.84392e+16,-9.87896e+06,1.48363e+07,-1.35852e+08,2.76125e+14,1.17842e+19,235577,4.84392e+16,-0.0463187,-0.00254788,-0.06
1.32466,5.39362e+16,-9.173e+06,1.45391e+07,-1.32907e+08,1.93091e+14,1.39067e+19,420702,5.39362e+16,-0.05,-0.0011595,-0.06
2,1.9614e+17,-3.42801e+07,4.78323e+07,-1.2083e+09,8.74363e+13,6.00368e+18,430456,1.9614e+17,-0.0403632,0.0394546,-0.06
1.84114,6.87716e+16,4.84266e+06,-6.91311e+06,-2.17476e+07,4.91961e+14,7.65313e+18,1.35575e+07,6.87716e+16,-0.0322445,0.00597374,-0.06
1.98386,7.44366e+16,3.50102e+06,-6.65246e+06,-1.48126e+07,4.91316e+14,1.30106e+19,1.56255e+07,7.44366e+16,-0.0314909,0.0078465,-0.06
2,1.79798e+17,-4.07069e+07,-2.25543e+07,-2.05796e+08,4.68275e+14,5.97642e+19,4.86859e+06,1.79798e+17,-0.0412336,0.0295413,-0.06
2,7.09481e+16,4.66278e+07,-1.3223e+08,-1.60332e+08,1.73898e+15,6.25664e+20,3.80807e+07,7.09481e+16,-0.0125261,0.0386437,-0.06
2.67334,3.63687e+16,1.7912e+08,5.04745e+07,4.40226e+07,2.28387e+16,1.47923e+22,268968,3.63687e+16,-0.000807237,0.0069532,-0.06
2.47495,5.0731e+16,1.34741e+08,1.62537e+07,7.58894e+06,2.33106e+16,1.34874e+22,274513,5.0731e+16,-0.00282676,0.00565925,-0.06
4,-2.08335e+17,2.58652e+08,-2.54227e+08,6.45023e+08,1.70089e+16,2.28347e+23,90838.2,-2.08335e+17,0.024719,0.0397326,-0.06
1,4.34694e+16,-1.60209e+06,5.28441e+07,-3.24007e+08,9.6333e+13,1.83671e+18,63861.8,4.34694e+16,-0.05,-0.0116377,-0.06
1,5.14528e+16,-5.69695e+06,1.08405e+08,-4.5344e+08,8.26359e+13,1.0846e+18,8085.39,5.14528e+16,-0.05,-0.0204789,-0.06
1,6.99573e+16,-223802,1.0835e+08,-4.56848e+08,5.15293e+13,3.26242e+18,1871.99,6.99573e+16,-0.0423978,-0.0287801,-0.06
1,6.64611e+16,-398714,1.13319e+08,-4.57457e+08,6.13529e+13,2.28753e+18,3343.86,6.64611e+16,-0.0437064,-0.0278172,-0.06
3,-7.27728e+19,-1.34996e+08,-3.6707e+08,-8.6456e+07,1.40329e+17,1.67418e+25,6.1685e+09,-7.27728e+19,0.0384921,-0.004771,-0.06
3,-3.32457e+19,-5.4064e+07,1.68071e+08,-1.27494e+08,6.05251e+16,5.52627e+24,3.16862e+08,-3.32457e+19,0.0193341,-0.0164718,-0.06
4,-4.52903e+17,7.03126e+07,-4.11942e+08,1.08151e+09,6.96299e+17,1.08328e+25,87.7843,-4.52903e+17,0.048364,0.0333796,-0.06
4,-4.55527e+17,7.22363e+07,-4.00882e+08,1.04486e+09,7.38105e+17,1.15201e+25,88.5987,-4.55527e+17,0.0497027,0.0337287,-0.06
3,-7.03249e+17,-4.44454e+07,1.57475e+08,-1.25943e+08,4.38451e+16,6.05361e+23,6.49126e+07,-7.03249e+17,0.014144,-0.0176606,-0.06
3,3.21208e+17,-1.34569e+08,2.75934e+07,-4.13983e+08,6.83799e+16,2.1145e+26,3.09563e+08,3.21208e+17,0.0386182,-0.0410416,-0.06
1,5.49684e+16,-2.6684e+06,5.0163e+06,-1.04126e+08,5.35874e+14,8.01152e+18,657777,5.49684e+16,-0.0389322,-0.00520749,-0.06
2.69564,-5.77948e+16,6.57935e+07,1.26913e+08,1.38986e+08,3.68738e+16,4.30609e+22,2.63179e+06,-5.77948e+16,0.00320154,-0.00580798,-0.06
2.27923,-4.3582e+15,3.46295e+06,7.20723e+07,-1.67743e+07,1.9825e+16,2.62717e+22,2.65204e+06,-4.3582e+15,-0.000838597,-0.0120967,-0.06
2.2593,-1.93727e+17,-8.75389e+07,-3.55657e+07,-2.18764e+08,3.24116e+17,3.65857e+23,2.43578e+06,-1.93727e+17,-0.00146351,-0.0302911,-0.06
3,-7.22692e+18,8.88837e+07,1.14248e+08,-6.28588e+07,3.83057e+16,2.71727e+24,2.49989e+08,-7.22692e+18,0.0250445,-0.0113192,-0.06
3.03476,-6.9041e+18,5.7551e+07,7.2176e+07,-2.73073e+07,4.87881e+16,2.75035e+24,2.37393e+08,-6.9041e+18,0.0257695,-0.0103711,-0.06
1.18733,6.70513e+16,1.11831e+07,-1.84846e+07,-6.76834e+07,6.26182e+14,1.26421e+19,855733,6.70513e+16,-0.0322786,-0.00367653,-0.06
1.33943,6.39158e+16,6.97084e+06,-1.82611e+07,-5.81183e+07,5.16992e+14,1.2313e+19,1.51513e+06,6.39158e+16,-0.0334921,-0.000229417,-0.06
4,-1.09596e+18,2.83118e+08,-6.88356e+08,2.3514e+09,4.54779e+17,3.12811e+24,415628,-1.09596e+18,0.0405863,0.0154073,-0.06
2,2.51867e+17,2.31998e+07,-6.15918e+07,-3.77082e+08,3.12361e+14,1.63882e+19,601181,2.51867e+17,-0.0296493,0.0317982,-0.06
2.33216,9.0407e+16,1.3606e+08,-1.21542e+08,-6.84598e+07,1.71286e+15,1.18423e+20,1.51395e+07,9.0407e+16,0.000490288,0.0332976,-0.06
2,9.48007e+16,1.28397e+08,-1.31633e+08,-1.18905e+08,1.70079e+15,9.4561e+19,2.86294e+07,9.48007e+16,-0.00255691,0.0333783,-0.06
2.23615,1.30214e+17,1.64142e+08,-1.16476e+08,-1.05796e+08,1.79506e+15,7.85535e+20,6.98917e+06,1.30214e+17,-0.00150061,0.0307364,-0.06
3.50777,-7.06505e+15,2.86143e+08,3.2013e+07,1.35133e+08,1.74735e+15,2.23331e+21,3.80604e+06,-7.06505e+15,0.00774562,0.0290177,-0.06
1,5.52152e+16,1.7602e+06,9.71069e+07,-4.22343e+08,1.79073e+14,2.13489e+18,71394.7,5.52152e+16,-0.0378664,-0.0206509,-0.06
4,-5.81529e+17,5.62218e+08,-7.32141e+08,2.21266e+09,9.42136e+16,2.16391e+23,68008.8,-5.81529e+17,0.0274321,0.0183966,-0.06
4,-3.67573e+17,4.86911e+08,-1.02033e+09,2.41292e+09,1.359e+17,7.57768e+23,11734.4,-3.67573e+17,0.0290236,0.0282832,-0.06
1,4.38055e+16,-3.21664e+06,4.7495e+07,-2.82963e+08,1.01757e+14,2.50325e+18,71617.8,4.38055e+16,-0.05,-0.0087372,-0.06
3,2.87659e+19,1.59862e+07,2.26244e+07,2.10212e+08,4.09071e+17,1.60258e+26,1.80659e+09,2.87659e+19,0.05,-0.00505944,-0.06
3.65083,-6.62685e+18,-2.49634e+08,1.49688e+08,9.70094e+08,1.62795e+17,2.25335e+24,5.91457e+08,-6.62685e+18,0.034624,0.00443767,-0.06
3.10582,-1.63283e+19,-7.65138e+07,1.17886e+08,4.66771e+08,6.91237e+16,1.39323e+24,1.4431e+09,-1.63283e+19,0.0307149,-0.00275836,-0.06
2,1.44129e+17,1.67436e+08,-1.37073e+08,-2.73831e+08,9.01823e+14,1.47007e+20,471307,1.44129e+17,-0.011124,0.0210116,-0.06
2,1.22302e+17,9.31764e+07,-1.02577e+08,-1.96654e+08,5.95054e+14,7.24491e+19,3.31968e+06,1.22302e+17,-0.0157649,0.0144889,-0.06
3,-7.94311e+17,6.73412e+06,1.69772e+08,-1.51601e+07,4.08389e+16,1.82371e+23,2.90776e+07,-7.94311e+17,0.0109199,-0.0115273,-0.06
4,-2.24038e+17,2.7357e+08,-2.71526e+08,6.81279e+08,2.04832e+16,2.03027e+23,91080,-2.24038e+17,0.0244568,0.0393204,-0.06
3.14639,-4.27565e+17,2.91597e+07,-1.13913e+07,1.62411e+07,2.89657e+15,3.14624e+20,8.58348e+07,-4.27565e+17,0.00550992,0.0389109,-0.06
3.14614,3.60479e+16,2.76105e+08,-4.6416e+06,3.14325e+06,1.68255e+15,7.42705e+20,2.64917e+06,3.60479e+16,0.00372043,0.0264447,-0.06
3.06536,3.64504e+16,3.04481e+08,5.90445e+07,2.50607e+07,6.79717e+15,8.91604e+21,1.10012e+06,3.64504e+16,0.00207626,0.0163959,-0.06
2,1.2962e+17,2.3257e+08,-3.08478e+08,-3.0513e+08,9.98635e+14,6.06593e+19,2.67061e+07,1.2962e+17,-0.00912056,0.0312816,-0.06
2,1.30383e+17,1.7348e+08,-1.40037e+08,-2.6588e+08,1.13028e+15,1.63057e+20,2.0971e+06,1.30383e+17,-0.00669097,0.0237284,-0.06
3.43074,-1.17664e+18,1.96951e+08,1.27414e+08,2.99007e+08,8.70827e+16,2.08006e+23,3.94631e+07,-1.17664e+18,0.0146204,-0.000339813,-0.06
3,-1.52815e+19,-4.38755e+07,1.35494e+07,4.07136e+07,4.59823e+16,4.33988e+25,2.47427e+09,-1.52815e+19,0.0386812,-0.0130064,-0.06
1,8.23725e+16,-3.71315e+07,8.28118e+07,-5.05896e+08,3.91983e+13,1.34141e+19,789.545,8.23725e+16,-0.0409438,-0.0347219,-0.06
3,5.06235e+18,-7.07222e+07,3.94673e+07,-6.32286e+08,3.57941e+16,3.73073e+26,3.06152e+08,5.06235e+18,0.05,-0.0460912,-0.06
3,-1.09606e+20,3.36302e+09,1.57211e+09,3.82032e+09,1.57798e+18,1.5616e+27,1.17944e+09,-1.09606e+20,0.0338275,-0.0201305,-0.06
3,-1.94697e+20,5.1825e+09,2.3043e+09,5.9618e+09,2.39743e+18,2.51522e+27,5.16718e+09,-1.94697e+20,0.0422296,-0.0183554,-0.06
1.05729,-6.0414e+16,-3.92518e+07,-2.74308e+07,-4.97836e+08,1.71424e+17,1.72467e+23,107826,-6.0414e+16,-0.0102435,-0.0311407,-0.06
2,1.05471e+17,3.71222e+07,-6.03347e+07,-1.00293e+08,4.06769e+14,1.21915e+19,8.72604e+06,1.05471e+17,-0.0235364,0.0103075,-0.06
2,1.24952e+17,-1.11086e+07,-2.27901e+07,-2.40052e+07,4.50968e+14,5.72307e+19,6.3081e+06,1.24952e+17,-0.040463,0.0218135,-0.06
1.27351,5.6486e+16,2.75217e+07,-5.71885e+07,-1.53224e+08,4.61598e+14,2.65336e+19,959201,5.6486e+16,-0.0225858,-0.00293102,-0.06
3.14734,2.88917e+16,3.03894e+08,5.20516e+07,5.52094e+07,1.50289e+16,2.32879e+22,187899,2.88917e+16,0.00229787,0.0123988,-0.06
1,6.39816e+16,-3.54644e+07,1.16384e+08,-4.68759e+08,6.51832e+13,5.18456e+19,162.848,6.39816e+16,-0.030495,-0.0301571,-0.06
1,9.40779e+16,-6.2299e+07,6.45639e+07,-5.40821e+08,3.56279e+13,2.14138e+19,220.41,9.40779e+16,-0.0392784,-0.0391491,-0.06
1,-2.37839e+16,1.42177e+07,-4.77054e+07,-4.16148e+08,2.28416e+16,2.31587e+22,20473,-2.37839e+16,-0.0112823,-0.0271482,-0.06
3,-2.66942e+18,-4.77791e+08,6.06208e+07,-6.47136e+08,1.86657e+17,4.73645e+24,4.04394e+07,-2.66942e+18,0.0120808,-0.0440311,-0.06
3,-2.83156e+18,-3.62032e+08,7.17984e+07,-5.7216e+08,1.76734e+17,5.32132e+24,4.72055e+07,-2.83156e+18,0.0144506,-0.0415094,-0.06
3,-4.35111e+18,-4.59048e+08,3.58603e+07,-6.84237e+08,9.61849e+16,3.95223e+25,9.68667e+07,-4.35111e+18,0.0187382,-0.05,-0.06
3,1.73199e+20,1.2923e+07,7.80498e+07,1.08847e+07,1.12756e+17,5.20217e+26,5.4413e+09,1.73199e+20,0.0409844,-0.0205596,-0.06
3,1.22907e+20,120009,9.88199e+07,-9.46566e+07,9.02932e+16,3.4948e+26,1.14477e+09,1.22907e+20,0.0394633,-0.0288593,-0.06
1.87446,1.05896e+17,1.15875e+08,-1.10012e+08,-1.97898e+08,4.66534e+15,1.31328e+21,348297,1.05896e+17,-0.0111764,0.00702423,-0.06
1.89019,5.27712e+16,7.62219e+07,-1.25532e+07,-5.66746e+07,1.52089e+16,9.26001e+21,320065,5.27712e+16,-0.00721422,0.00152509,-0.06
1,6.39548e+16,-3.44498e+07,1.15897e+08,-4.68352e+08,6.79619e+13,5.18836e+19,7866.41,6.39548e+16,-0.0303381,-0.0299586,-0.06
2,1.9928e+17,3.65478e+07,6.23173e+07,-1.11841e+09,3.23552e+12,1.62627e+19,132.283,1.9928e+17,-0.05,0.0475783,-0.06
2,2.03053e+17,4.39525e+08,3.51026e+08,-7.86981e+08,3.19118e+12,1.78663e+19,87.0194,2.03053e+17,-0.05,0.05,-0.06
1,1.19104e+17,-7.91532e+07,1.79814e+07,-5.72611e+08,3.97727e+13,2.11681e+19,207.94,1.19104e+17,-0.0433675,-0.0489799,-0.06
1,1.17661e+17,-5.65722e+07,7.49828e+06,-5.48664e+08,3.61556e+13,1.77229e+19,190.873,1.17661e+17,-0.0471419,-0.05,-0.06
2,2.00952e+17,7.50443e+07,4.29209e+07,-1.07659e+09,4.67713e+12,1.96962e+19,183.92,2.00952e+17,-0.0485854,0.0436301,-0.06
4,-1.94326e+17,-7.83236e+07,-4.86127e+07,9.46799e+08,4.36737e+17,7.16755e+24,2175.28,-1.94326e+17,0.0476287,0.05,-0.06
2.56926,4.26519e+15,1.35611e+08,4.88787e+07,4.27565e+07,2.64197e+16,2.17698e+22,1.96085e+06,4.26519e+15,-0.00141602,0.00479027,-0.06
3.70582,-1.40233e+18,3.2408e+08,-1.74116e+07,5.43951e+08,5.37087e+16,2.00794e+23,9.01345e+06,-1.40233e+18,0.0238844,0.00421582,-0.06
3.7031,-1.45603e+18,3.13663e+08,-1.52404e+07,5.34625e+08,5.51369e+16,2.25791e+23,9.5454e+06,-1.45603e+18,0.0239398,0.0040375,-0.06
3,-1.22846e+19,-1.05644e+08,2.78446e+08,1.25003e+08,4.98611e+17,6.07456e+26,4.00195e+09,-1.22846e+19,0.044956,-0.0180152,-0.06
1.3241,6.3686e+16,2.60555e+07,-5.73547e+07,-1.34353e+08,7.37723e+15,5.25955e+21,345259,6.3686e+16,-0.0117665,-0.00193686,-0.06
2.15445,-4.1242e+14,5.27488e+06,5.88306e+07,-3.4784e+07,1.74738e+16,2.2109e+22,2.56002e+06,-4.1242e+14,-0.0016886,-0.011092,-0.06
1,5.60604e+16,4.91435e+07,-1.83307e+07,-2.12026e+08,4.29413e+14,7.53375e+18,761576,5.60604e+16,-0.0292754,-0.0115405,-0.06
1,5.54433e+16,5.46407e+07,-2.41288e+07,-2.36679e+08,3.6951e+14,1.10775e+19,610369,5.54433e+16,-0.0281835,-0.0116796,-0.06
3.70095,-1.42891e+18,2.88403e+08,-410708,5.62009e+08,5.74814e+16,2.6639e+23,9.12159e+06,-1.42891e+18,0.0240486,0.00403731,-0.06
2,7.00389e+16,-4.24268e+06,1.46482e+06,-1.5361e+07,2.34527e+14,2.28496e+20,6.73313e+06,7.00389e+16,-0.05,0.0139374,-0.06
1.85111,1.06716e+17,4.286e+07,-7.50161e+07,-1.33342e+08,3.65582e+14,1.50192e+19,4.01196e+06,1.06716e+17,-0.0206518,0.0085785,-0.06
3,3.15736e+19,1.48631e+07,1.84628e+07,1.89795e+08,3.29743e+17,2.11588e+26,1.91927e+09,3.15736e+19,0.05,-0.00742271,-0.06
3,-1.87624e+19,-3.95143e+07,-3.33307e+08,-6.1708e+07,8.37183e+16,6.86623e+24,1.39462e+09,-1.87624e+19,0.0310636,-0.00409249,-0.06
1,4.32236e+16,9.82351e+07,4.839e+07,-4.05709e+08,1.41646e+14,5.77977e+19,4530.23,4.32236e+16,-0.021347,-0.020191,-0.06
1,6.40471e+16,-3.67366e+07,1.16294e+08,-4.73537e+08,6.59226e+13,5.30564e+19,161.086,6.40471e+16,-0.0304104,-0.030351,-0.06
1,9.14998e+16,-1.81789e+07,4.6395e+07,-4.57254e+08,1.39721e+13,5.38997e+18,137.888,9.14998e+16,-0.0487779,-0.0417709,-0.06
2.06318,-1.89949e+18,1.17163e+07,-2.67071e+07,2.00129e+07,4.63546e+15,1.2673e+21,3.03687e+08,-1.89949e+18,-0.00304287,0.0420591,-0.06
3,3.54079e+18,-7.83334e+07,2.64691e+07,-7.39257e+08,3.54818e+16,4.45438e+26,2.74435e+08,3.54079e+18,0.05,-0.05,-0.06
2,1.92783e+17,1.19926e+08,-1.23379e+08,-2.05725e+08,4.31378e+14,1.17375e+19,1.55687e+06,1.92783e+17,-0.0210444,0.0227622,-0.06
1,5.51596e+16,4.71119e+07,-1.58171e+07,-2.34327e+08,3.95024e+14,6.90959e+18,741366,5.51596e+16,-0.029971,-0.0122887,-0.06
1,5.62156e+16,6.48473e+06,4.02828e+07,-1.58048e+08,6.01256e+14,6.30252e+18,761226,5.62156e+16,-0.0369017,-0.0116006,-0.06
2,1.18519e+17,-6.34958e+06,-1.12809e+07,-9.80654e+06,4.31067e+14,5.97755e+19,6.26244e+06,1.18519e+17,-0.0406613,0.020858,-0.06
2,-1.33606e+18,1.14001e+07,-2.8228e+07,1.08691e+07,3.97081e+15,1.05209e+21,2.77441e+08,-1.33606e+18,-0.00349894,0.0414334,-0.06
2,6.24026e+16,4.88959e+07,-1.31635e+08,-1.48257e+08,1.80594e+15,6.09949e+20,3.85536e+07,6.24026e+16,-0.0116051,0.0384124,-0.06
3.0591,-1.27265e+17,1.44729e+08,1.45311e+08,2.47735e+08,4.4993e+16,5.93106e+22,2.2976e+06,-1.27265e+17,0.00621643,-0.00122705,-0.06
3,-2.55428e+18,-6.11254e+08,3.47106e+07,-7.70894e+08,1.5762e+17,7.03788e+24,3.82057e+07,-2.55428e+18,0.0110914,-0.05,-0.06
3,-3.6357e+18,-4.96214e+08,2.96188e+07,-7.42959e+08,1.19776e+17,1.19043e+25,5.86529e+07,-3.6357e+18,0.0161208,-0.05,-0.06
1,5.53717e+16,3.33169e+06,9.70805e+07,-4.29146e+08,1.58856e+14,2.42131e+18,24754.6,5.53717e+16,-0.0374488,-0.020912,-0.06
1.17603,4.43805e+16,-1.08208e+07,3.45648e+07,-2.02441e+08,1.50363e+14,9.75263e+18,131557,4.43805e+16,-0.05,-0.00479747,-0.06
1,4.11563e+16,-9.53465e+06,4.13468e+07,-2.3728e+08,1.54201e+14,4.07047e+18,130790,4.11563e+16,-0.048019,-0.00679748,-0.06
3.69484,-1.55108e+18,3.09278e+08,-1.80751e+07,5.27805e+08,5.38745e+16,2.17689e+23,9.63285e+06,-1.55108e+18,0.0239347,0.00395894,-0.06
3.69752,-1.42804e+18,3.10474e+08,-1.67013e+07,5.28714e+08,5.28553e+16,2.0731e+23,1.13746e+07,-1.42804e+18,0.0238444,0.00399609,-0.06
1,-4.3675e+16,-2.44178e+07,-5.65655e+07,-4.58495e+08,3.63199e+16,3.7125e+22,23578.4,-4.3675e+16,-0.0107002,-0.0301933,-0.06
1,6.37377e+16,-3.47028e+07,1.16863e+08,-4.68755e+08,7.06755e+13,5.96331e+19,161.475,6.37377e+16,-0.0301605,-0.0300644,-0.06
1,3.09161e+16,-3.69261e+07,1.34621e+08,-4.922e+08,3.42224e+14,4.51008e+20,73.7949,3.09161e+16,-0.0198902,-0.0289925,-0.06
3,-2.46173e+17,-9.85831e+07,9.46255e+07,-2.09047e+08,7.47748e+17,8.35362e+23,8.75644e+06,-2.46173e+17,0.00438156,-0.0294742,-0.06
1.35184,6.12036e+16,1.19226e+07,-3.3976e+07,-9.54601e+07,3.96205e+14,1.4629e+19,1.08905e+06,6.12036e+16,-0.0263789,-0.000471909,-0.06
2,1.85814e+17,1.15842e+08,-1.19768e+08,-1.77902e+08,6.82553e+14,4.9919e+19,1.23681e+06,1.85814e+17,-0.0189554,0.0207106,-0.06
2,5.55918e+16,-2.0934e+06,-794006,-1.39836e+07,2.78009e+14,6.31268e+19,4.70902e+06,5.55918e+16,-0.0426483,0.0141581,-0.06
3,-1.51778e+19,-4.08774e+07,1.06696e+07,3.75891e+07,4.41478e+16,4.0971e+25,2.4612e+09,-1.51778e+19,0.0380167,-0.0116746,-0.06
3,-1.68266e+19,-2.27239e+07,-1.00205e+07,6.24511e+07,4.14731e+16,3.82022e+25,2.56578e+09,-1.68266e+19,0.0380283,-0.010312,-0.06
3,-2.43047e+19,8.1499e+07,-7.66317e+06,1.08286e+08,3.56129e+16,1.20526e+25,1.28317e+09,-2.43047e+19,0.0300122,-0.00639961,-0.06
1.4486,6.74317e+16,1.15126e+07,-3.90697e+07,-1.00815e+08,3.76037e+14,2.33653e+19,1.40787e+06,6.74317e+16,-0.0241662,0.000792697,-0.06
2.33112,-2.84001e+16,6.89574e+07,7.65225e+07,8.65158e+07,3.141e+16,3.48618e+22,1.76987e+06,-2.84001e+16,-0.00108762,-0.00269407,-0.06
1,5.54344e+16,955252,9.82198e+07,-4.301e+08,1.52347e+14,2.33226e+18,6711.14,5.54344e+16,-0.0378163,-0.0213771,-0.06
1,2.51845e+16,4.67694e+07,3.2771e+07,-3.71369e+08,9.535e+14,1.028e+21,11918.3,2.51845e+16,-0.0145183,-0.023627,-0.06
1,5.492e+16,2.0629e+06,9.79707e+07,-4.3359e+08,1.53935e+14,1.89785e+18,6790.74,5.492e+16,-0.037982,-0.0209754,-0.06
2.01968,-1.58212e+18,1.08109e+07,-2.71208e+07,1.54918e+07,4.33798e+15,1.08743e+21,3.09089e+08,-1.58212e+18,-0.00334769,0.0417481,-0.06
4,-1.8101e+18,1.77813e+08,-4.76407e+08,2.6104e+09,6.54974e+17,5.84376e+24,1.08401e+06,-1.8101e+18,0.05,0.0145335,-0.06
3.02345,-1.80816e+19,1.18914e+08,-5.43081e+07,1.21747e+08,3.35149e+16,9.47147e+23,1.49952e+09,-1.80816e+19,0.0298166,-0.00378426,-0.06
1.15465,5.64291e+16,3.69428e+07,-2.7082e+07,-1.79654e+08,3.6565e+14,1.03473e+19,923901,5.64291e+16,-0.0269601,-0.00712718,-0.06
1.33218,6.17618e+16,1.10926e+07,-3.74863e+07,-1.04928e+08,3.77358e+14,2.81341e+19,1.16195e+06,6.17618e+16,-0.024401,-0.000565772,-0.06
3,1.85519e+19,-1.3362e+08,2.87084e+08,1.62017e+08,5.69209e+17,8.36164e+26,2.38558e+09,1.85519e+19,0.05,-0.0142148,-0.06
2.10192,-1.4819e+18,-8.25369e+08,6.53529e+07,-9.86135e+08,2.12756e+17,1.32876e+24,7.8989e+06,-1.4819e+18,0.000113894,-0.05,-0.06
2.85603,-1.9999e+18,-7.21594e+08,4.74061e+07,-7.87765e+08,2.60115e+17,2.19558e+24,1.43032e+07,-1.9999e+18,0.00448196,-0.05,-0.06
1,-4.16677e+16,-2.59486e+07,-4.72266e+07,-4.73243e+08,3.14657e+16,3.18917e+22,20093.2,-4.16677e+16,-0.011714,-0.0303013,-0.06
2,2.79211e+17,-1.13533e+08,-7.44935e+07,-7.96064e+08,2.12693e+14,4.2825e+20,116566,2.79211e+17,-0.0293492,0.05,-0.06
3,1.91519e+19,-1.78738e+07,5.71882e+07,-1.28127e+08,6.68178e+16,8.30859e+26,6.2403e+08,1.91519e+19,0.0396967,-0.0305141,-0.06
3.2051,1.16042e+16,2.58861e+08,-7.75234e+06,2.60692e+07,1.63207e+15,3.33066e+20,7.65389e+06,1.16042e+16,0.00494294,0.0280174,-0.06
4,-4.55053e+17,5.57353e+07,-3.96059e+08,1.03817e+09,7.51542e+17,1.18714e+25,90.0604,-4.55053e+17,0.05,0.0341038,-0.06
2,2.65074e+17,-1.80328e+08,-3.94985e+07,-8.85462e+08,1.15641e+14,5.67698e+19,134999,2.65074e+17,-0.0324003,0.05,-0.06
3.54752,-6.32224e+17,4.83434e+06,680575,1.18022e+08,4.79381e+15,4.29571e+22,7.1466e+07,-6.32224e+17,0.0110914,0.05,-0.06
4,-2.25709e+17,248613,7.81793e+06,1.47345e+08,5.66026e+15,6.40078e+22,1.43687e+07,-2.25709e+17,0.0161208,0.05,-0.06
3,1.65867e+19,-1.11438e+08,2.81419e+08,6.24996e+07,4.45043e+17,6.28985e+26,1.07903e+09,1.65867e+19,0.05,-0.0216643,-0.06
3.99181,-1.14704e+18,1.62712e+08,-3.64961e+08,2.90251e+09,7.51648e+17,7.1773e+24,1.69235e+06,-1.14704e+18,0.05,0.01168,-0.06
